,dates,hour_pt,value,timestep_sum,peak_volumes,peak_hours,peak_norm,site
0,2014-01-02,276,1200.0,24,160.0,7,0.13333333333333333,stream
1,2014-01-03,276,1289.9999999999998,24,198.12500000000003,7,0.1535852713178295,stream
2,2014-01-07,276,2380.0,24,315.00000000000006,19,0.13235294117647062,stream
3,2014-01-08,276,2770.0,24,230.62500000000003,7,0.08325812274368233,stream
4,2014-01-09,276,2810.0,24,273.12500000000006,7,0.09719750889679717,stream
5,2014-01-10,276,2770.0,24,250.62500000000003,7,0.09047833935018053,stream
6,2014-01-11,276,2650.0,24,277.50000000000006,9,0.1047169811320755,stream
7,2014-01-14,276,2570.0,24,228.12499999999997,7,0.0887645914396887,stream
8,2014-01-15,276,2540.0,24,303.74999999999994,7,0.11958661417322831,stream
9,2014-01-16,276,2560.0000000000005,24,270.0,7,0.10546874999999999,stream
10,2014-01-17,276,2470.0000000000005,24,366.87499999999994,7,0.14853238866396756,stream
11,2014-01-18,276,3240.0,24,94.99999999999997,10,0.02932098765432098,stream
12,2014-01-23,276,2420.0,24,346.24999999999994,7,0.14307851239669417,stream
13,2014-01-24,276,2680.0000000000005,24,269.99999999999994,7,0.10074626865671639,stream
14,2014-01-25,276,2550.0,24,341.87500000000006,10,0.13406862745098042,stream
15,2014-01-28,276,2450.0,24,410.625,7,0.16760204081632651,stream
16,2014-01-29,276,2410.0000000000005,24,288.12499999999994,7,0.11955394190871364,stream
17,2014-01-30,276,2790.0,24,352.5,6,0.12634408602150538,stream
18,2014-01-31,276,2320.0000000000005,24,304.99999999999994,7,0.13146551724137925,stream
19,2014-02-01,276,3050.0,24,188.12499999999994,12,0.061680327868852435,stream
20,2014-02-04,276,2970.0,24,423.125,7,0.14246632996632996,stream
21,2014-02-05,276,2700.0,24,523.75,7,0.19398148148148148,stream
22,2014-02-06,276,2820.0,24,391.25,7,0.13874113475177305,stream
23,2014-02-07,276,2560.0,24,410.0,7,0.16015625,stream
24,2014-02-08,276,2959.999999999999,24,315.0000000000003,9,0.10641891891891904,stream
25,2014-02-11,276,2610.0,24,247.5,19,0.09482758620689655,stream
26,2014-02-12,276,2499.9999999999995,24,395.00000000000017,6,0.1580000000000001,stream
27,2014-02-13,276,2539.9999999999995,24,365.00000000000006,6,0.14370078740157483,stream
28,2014-02-14,276,2690.0,24,265.625,7,0.09874535315985129,stream
29,2014-02-15,276,2610.0,24,337.5,10,0.12931034482758622,stream
30,2014-02-22,276,2920.0000000000005,24,232.49999999999986,12,0.07962328767123282,stream
31,2014-02-25,276,2770.0000000000005,24,397.49999999999994,6,0.14350180505415158,stream
32,2014-02-26,276,2640.0000000000005,24,440.0,6,0.16666666666666663,stream
33,2014-02-27,276,2539.9999999999995,24,383.75,6,0.15108267716535434,stream
34,2014-02-28,276,2159.9999999999995,24,390.0000000000001,6,0.18055555555555564,stream
35,2014-03-01,276,2530.0000000000005,24,417.50000000000006,9,0.1650197628458498,stream
36,2014-03-04,276,2460.0000000000005,24,388.7499999999999,7,0.15802845528455278,stream
37,2014-03-05,276,2640.0,24,279.99999999999994,6,0.10606060606060605,stream
38,2014-03-06,276,2410.0,24,337.50000000000006,6,0.14004149377593364,stream
39,2014-03-07,276,2460.0,24,384.99999999999994,6,0.1565040650406504,stream
40,2014-03-08,276,2620.0,24,221.25,9,0.08444656488549619,stream
41,2014-03-11,276,2530.000000000001,24,315.6249999999999,6,0.12475296442687737,stream
42,2014-03-12,276,2520.0,24,367.49999999999994,7,0.14583333333333331,stream
43,2014-03-13,276,2280.0,24,402.49999999999994,7,0.1765350877192982,stream
44,2014-03-14,276,2270.0000000000005,24,396.24999999999994,7,0.1745594713656387,stream
45,2014-03-15,276,2629.9999999999995,24,142.50000000000009,11,0.054182509505703455,stream
46,2014-03-18,276,2590.0,24,230.625,6,0.08904440154440155,stream
47,2014-03-19,276,2790.0,24,332.49999999999994,6,0.11917562724014336,stream
48,2014-03-20,276,2770.0,24,313.74999999999994,7,0.11326714801444043,stream
49,2014-03-21,276,2840.0,24,427.5,7,0.1505281690140845,stream
50,2014-03-22,276,3040.0000000000005,24,179.99999999999997,10,0.059210526315789457,stream
51,2014-03-25,276,2930.0,24,290.625,7,0.09918941979522183,stream
52,2014-03-26,276,3740.0,24,301.24999999999994,7,0.08054812834224596,stream
53,2014-03-27,276,2880.0,24,410.0,7,0.1423611111111111,stream
54,2014-03-28,276,2900.0,24,316.25,7,0.10905172413793102,stream
55,2014-03-29,276,2639.9999999999995,24,210.00000000000009,12,0.07954545454545459,stream
56,2014-04-01,276,2509.9999999999995,24,306.25,7,0.12201195219123508,stream
57,2014-04-02,276,2419.9999999999995,24,336.25,7,0.13894628099173556,stream
58,2014-04-03,276,2290.0,24,340.625,7,0.14874454148471616,stream
59,2014-04-04,276,2340.0000000000005,24,361.24999999999994,7,0.15438034188034183,stream
60,2014-04-05,276,2340.0,24,200.00000000000003,8,0.08547008547008549,stream
61,2014-04-08,276,2650.0000000000005,24,158.74999999999994,7,0.05990566037735847,stream
62,2014-04-09,276,2950.0,24,436.87499999999994,6,0.14809322033898303,stream
63,2014-04-10,276,2750.0,24,274.375,7,0.09977272727272728,stream
64,2014-04-11,276,2430.0,24,462.5,6,0.19032921810699588,stream
65,2014-04-12,276,2580.0000000000005,24,314.99999999999983,8,0.12209302325581387,stream
66,2014-04-15,276,2519.9999999999995,24,287.50000000000006,7,0.11408730158730164,stream
67,2014-04-16,276,2539.9999999999995,24,343.75000000000006,7,0.13533464566929138,stream
68,2014-04-17,276,2320.0000000000005,24,279.9999999999999,6,0.12068965517241374,stream
69,2014-04-18,276,2400.0,24,290.00000000000006,6,0.12083333333333335,stream
70,2014-04-19,276,2570.0,24,108.125,9,0.04207198443579766,stream
71,2014-04-22,276,2750.0,24,336.24999999999994,7,0.12227272727272726,stream
72,2014-04-23,276,2850.0,24,317.5,6,0.11140350877192982,stream
73,2014-04-24,276,2800.0,24,430.0,6,0.15357142857142858,stream
74,2014-04-25,276,2580.0,24,406.25,7,0.15746124031007752,stream
75,2014-04-26,276,2570.0,24,167.50000000000003,11,0.0651750972762646,stream
76,2014-04-29,276,2619.999999999999,24,335.00000000000017,6,0.12786259541984746,stream
77,2014-04-30,276,2380.0000000000005,24,345.0,6,0.1449579831932773,stream
78,2014-05-01,276,2740.0000000000005,24,456.2499999999999,7,0.16651459854014594,stream
79,2014-05-02,276,2520.0,24,370.00000000000006,6,0.14682539682539686,stream
80,2014-05-03,276,2130.0,24,261.24999999999994,10,0.1226525821596244,stream
81,2014-05-06,276,2420.0,24,296.24999999999994,6,0.1224173553719008,stream
82,2014-05-07,276,2499.9999999999995,24,395.0000000000001,6,0.15800000000000008,stream
83,2014-05-08,276,2630.0,24,246.87499999999994,6,0.09386882129277563,stream
84,2014-05-09,276,2670.0000000000005,24,402.4999999999999,7,0.1507490636704119,stream
85,2014-05-10,276,2700.0,24,306.25,9,0.11342592592592593,stream
86,2014-05-13,276,2730.0,24,298.12500000000006,6,0.10920329670329672,stream
87,2014-05-14,276,2660.0,24,294.99999999999994,6,0.11090225563909772,stream
88,2014-05-15,276,2510.0000000000005,24,242.49999999999986,6,0.096613545816733,stream
89,2014-05-16,276,2269.9999999999995,24,442.5000000000001,6,0.1949339207048459,stream
90,2014-05-17,276,2569.9999999999995,24,387.5000000000001,9,0.1507782101167316,stream
91,2014-05-20,276,3140.0,24,387.5,7,0.1234076433121019,stream
92,2014-05-21,276,2840.0000000000005,24,244.99999999999994,7,0.08626760563380277,stream
93,2014-05-22,276,2629.999999999999,24,341.2500000000001,7,0.12975285171102668,stream
94,2014-05-23,276,2580.0,24,226.25,7,0.0876937984496124,stream
95,2014-05-24,276,2750.0,24,56.24999999999994,10,0.020454545454545434,stream
96,2014-05-27,276,2570.0,24,288.125,7,0.11211089494163423,stream
97,2014-05-28,276,3250.0000000000005,24,300.62499999999994,7,0.09249999999999999,stream
98,2014-05-29,276,3050.0,24,257.49999999999994,6,0.08442622950819671,stream
99,2014-05-30,276,2689.9999999999995,24,455.62500000000006,7,0.1693773234200744,stream
100,2014-05-31,276,2860.0,24,226.25000000000009,9,0.07910839160839164,stream
101,2014-06-03,276,3040.0000000000005,24,459.99999999999994,6,0.15131578947368418,stream
102,2014-06-04,276,3019.9999999999995,24,293.75000000000006,7,0.09726821192052983,stream
103,2014-06-05,276,3040.0,24,350.00000000000006,7,0.11513157894736843,stream
104,2014-06-06,276,2720.0,24,440.00000000000006,6,0.16176470588235295,stream
105,2014-06-07,276,3220.0,24,167.50000000000006,10,0.052018633540372686,stream
106,2014-06-10,276,3100.0000000000005,24,418.75,6,0.1350806451612903,stream
107,2014-06-11,276,2840.0,24,399.99999999999994,6,0.1408450704225352,stream
108,2014-06-12,276,2859.9999999999995,24,325.0000000000001,6,0.1136363636363637,stream
109,2014-06-13,276,2870.0,24,341.875,6,0.11912020905923346,stream
110,2014-06-14,276,2890.0,24,436.875,9,0.15116782006920415,stream
111,2014-06-17,276,3060.0,24,406.25,6,0.13276143790849673,stream
112,2014-06-18,276,3109.9999999999995,24,446.8750000000001,6,0.14368971061093253,stream
113,2014-06-19,276,3220.0,24,346.25000000000006,6,0.10753105590062113,stream
114,2014-06-20,276,2820.0,24,444.99999999999994,6,0.1578014184397163,stream
115,2014-06-21,276,3049.999999999999,24,308.1250000000001,9,0.10102459016393449,stream
116,2014-06-24,276,3160.000000000001,24,469.9999999999999,6,0.1487341772151898,stream
117,2014-06-25,276,2730.0,24,477.5,6,0.1749084249084249,stream
118,2014-06-26,276,2920.0000000000005,24,379.99999999999994,6,0.13013698630136983,stream
119,2014-06-27,276,2509.9999999999995,24,472.50000000000017,6,0.18824701195219132,stream
120,2014-06-28,276,2810.0,24,286.25,9,0.10186832740213522,stream
121,2014-07-22,276,2959.9999999999995,24,345.00000000000006,7,0.11655405405405408,stream
122,2014-07-23,276,2770.0000000000005,24,367.49999999999994,6,0.1326714801444043,stream
123,2014-07-24,276,2750.0000000000005,24,534.3749999999999,7,0.19431818181818175,stream
124,2014-07-25,276,2530.0,24,365.62500000000006,7,0.14451581027667987,stream
125,2014-07-26,276,2680.0000000000005,24,357.5,8,0.13339552238805968,stream
126,2014-07-29,276,2609.9999999999995,24,287.50000000000006,6,0.11015325670498088,stream
127,2014-07-30,276,3040.0000000000005,24,390.0,6,0.1282894736842105,stream
128,2014-07-31,276,2450.0,24,407.49999999999994,6,0.16632653061224487,stream
129,2014-08-01,276,2450.0,24,377.4999999999999,6,0.15408163265306118,stream
130,2014-08-02,276,2510.0,24,255.62499999999997,9,0.10184262948207169,stream
131,2014-08-08,276,2350.0000000000005,24,439.3749999999999,7,0.1869680851063829,stream
132,2014-08-09,276,2669.999999999999,24,255.62500000000023,8,0.09573970037453196,stream
133,2014-08-12,276,2490.0000000000005,24,323.1249999999999,6,0.12976907630522083,stream
134,2014-08-13,276,2610.0,24,407.5,6,0.15613026819923373,stream
135,2014-08-14,276,2430.0,24,412.49999999999994,6,0.16975308641975306,stream
136,2014-08-15,276,2720.0,24,260.0,6,0.09558823529411764,stream
137,2014-08-16,276,2659.9999999999995,24,231.25000000000006,11,0.08693609022556394,stream
138,2014-08-19,276,2830.000000000001,24,392.4999999999999,6,0.13869257950530028,stream
139,2014-08-20,276,2639.9999999999995,24,330.0000000000001,6,0.12500000000000006,stream
140,2014-08-21,276,2429.9999999999995,24,344.3750000000001,7,0.14171810699588483,stream
141,2014-08-22,276,2600.0000000000005,24,322.49999999999983,7,0.12403846153846144,stream
142,2014-08-23,276,2490.000000000001,24,287.4999999999998,8,0.1154618473895581,stream
143,2014-08-26,276,2480.0,24,309.99999999999994,6,0.12499999999999997,stream
144,2014-09-06,276,2480.0,24,299.99999999999994,8,0.12096774193548385,stream
145,2014-09-18,276,2479.9999999999995,24,375.00000000000006,6,0.15120967741935487,stream
146,2014-09-19,276,2340.0,24,247.5,7,0.10576923076923077,stream
147,2014-09-20,276,2549.9999999999995,24,295.6250000000002,8,0.11593137254901972,stream
148,2014-09-30,276,2790.0000000000005,24,406.87499999999994,6,0.1458333333333333,stream
149,2014-10-01,276,2250.0,24,437.50000000000006,6,0.19444444444444448,stream
150,2014-10-02,276,2690.0,24,367.49999999999994,6,0.13661710037174718,stream
151,2014-10-14,276,2550.0,24,441.875,7,0.1732843137254902,stream
152,2014-10-15,276,2379.9999999999995,24,322.5000000000001,7,0.13550420168067234,stream
153,2014-10-23,276,2550.0,24,322.5,6,0.1264705882352941,stream
154,2014-10-24,276,1940.0000000000002,24,444.99999999999994,7,0.22938144329896903,stream
155,2014-11-07,276,2080.0000000000005,24,369.99999999999994,6,0.17788461538461534,stream
156,2014-11-08,276,2529.9999999999995,24,266.8750000000003,8,0.1054841897233203,stream
157,2014-11-18,276,2590.0,24,442.5,6,0.17084942084942087,stream
158,2014-11-19,276,2329.9999999999995,24,507.5000000000001,6,0.21781115879828336,stream
159,2014-12-02,276,2559.9999999999995,24,540.0000000000001,7,0.21093750000000008,stream
160,2014-12-05,276,2410.000000000001,24,457.4999999999997,6,0.18983402489626536,stream
161,2014-12-06,276,2580.000000000001,24,267.4999999999994,10,0.10368217054263539,stream
162,2014-12-09,276,2770.0000000000005,24,393.75,7,0.1421480144404332,stream
163,2014-12-10,276,2569.999999999999,24,358.1250000000001,7,0.13934824902723744,stream
164,2014-12-11,276,2480.0,24,500.00000000000006,6,0.20161290322580647,stream
165,2014-12-12,276,2450.0,24,477.50000000000006,6,0.19489795918367347,stream
166,2014-12-13,276,2929.9999999999995,24,361.87500000000017,9,0.12350682593856661,stream
167,2014-12-16,276,2590.0,24,332.49999999999994,6,0.12837837837837837,stream
168,2014-12-17,276,2599.9999999999995,24,262.50000000000006,7,0.10096153846153849,stream
169,2014-12-18,276,2660.0,24,344.99999999999994,6,0.12969924812030073,stream
170,2014-12-19,276,2230.0,24,392.5,6,0.17600896860986548,stream
171,2014-12-20,276,2329.999999999999,24,351.8750000000002,10,0.15101931330472118,stream
172,2014-12-23,276,2500.0,24,215.00000000000006,7,0.08600000000000003,stream
173,2014-12-24,276,2129.9999999999995,24,334.3750000000001,7,0.15698356807511746,stream
174,2014-12-26,276,1820.0,24,168.75000000000006,9,0.09271978021978025,stream
175,2014-12-27,276,1819.9999999999998,24,357.5000000000001,11,0.1964285714285715,stream
176,2014-12-30,276,2309.9999999999995,24,186.87500000000014,20,0.08089826839826847,stream
177,2014-12-31,276,2650.0000000000005,24,198.74999999999997,7,0.07499999999999998,stream
178,2015-01-02,276,2390.0,24,183.125,8,0.0766213389121339,stream
179,2015-01-03,276,2869.9999999999995,24,345.00000000000017,9,0.12020905923344954,stream
180,2015-01-06,276,2490.0000000000005,24,308.74999999999994,7,0.12399598393574292,stream
181,2015-01-07,276,2550.0000000000005,24,301.87499999999994,7,0.11838235294117642,stream
182,2015-01-08,276,2600.0,24,372.5,7,0.14326923076923076,stream
183,2015-01-09,276,2300.0,24,445.0,6,0.1934782608695652,stream
184,2015-01-10,276,2860.0000000000005,24,311.24999999999983,8,0.10882867132867126,stream
185,2015-01-13,276,2770.0,24,340.62500000000006,6,0.1229693140794224,stream
186,2015-01-14,276,2579.9999999999995,24,366.25,7,0.1419573643410853,stream
187,2015-01-15,276,2659.9999999999995,24,291.25000000000006,7,0.10949248120300756,stream
188,2015-01-16,276,2549.9999999999995,24,321.8750000000001,7,0.12622549019607848,stream
189,2015-01-17,276,2930.0,24,464.99999999999994,10,0.15870307167235492,stream
190,2015-01-22,276,2719.9999999999995,24,290.00000000000006,6,0.10661764705882355,stream
191,2015-01-23,276,2410.0,24,458.75000000000006,7,0.1903526970954357,stream
192,2015-01-27,276,2800.0,24,220.0,6,0.07857142857142857,stream
193,2015-01-28,276,2950.0,24,446.8750000000001,7,0.15148305084745767,stream
194,2015-01-29,276,2630.0,24,302.49999999999994,6,0.11501901140684409,stream
195,2015-01-30,276,2750.0,24,354.37499999999994,7,0.12886363636363635,stream
196,2015-01-31,276,2950.0,24,305.0,9,0.10338983050847457,stream
197,2015-02-03,276,2800.0,24,360.0,6,0.1285714285714286,stream
198,2015-02-04,276,2929.9999999999995,24,240.62500000000006,7,0.08212457337883962,stream
199,2015-02-05,276,2719.999999999999,24,310.0000000000001,6,0.1139705882352942,stream
200,2015-02-06,276,2360.0,24,457.5,7,0.1938559322033898,stream
201,2015-02-07,276,2680.0,24,397.50000000000006,9,0.14832089552238809,stream
202,2015-02-10,276,2650.0,24,377.49999999999994,6,0.14245283018867924,stream
203,2015-02-11,276,2569.9999999999995,24,418.12500000000006,7,0.1626945525291829,stream
204,2015-02-12,276,2739.9999999999995,24,326.2500000000001,7,0.1190693430656935,stream
205,2015-02-13,276,2400.0000000000005,24,379.99999999999994,7,0.15833333333333327,stream
206,2015-02-14,276,2960.0,24,234.99999999999997,10,0.07939189189189187,stream
207,2015-02-17,276,2690.0000000000005,24,377.4999999999999,6,0.14033457249070624,stream
208,2015-02-18,276,2780.0,24,322.5,7,0.11600719424460432,stream
209,2015-02-19,276,2840.0,24,444.99999999999994,7,0.1566901408450704,stream
210,2015-02-20,276,2420.0000000000005,24,406.24999999999994,7,0.1678719008264462,stream
211,2015-02-24,276,2879.9999999999995,24,370.00000000000006,7,0.12847222222222227,stream
212,2015-02-25,276,2869.9999999999995,24,422.50000000000006,6,0.147212543554007,stream
213,2015-02-26,276,2780.0,24,378.75,6,0.1362410071942446,stream
214,2015-02-27,276,2500.0000000000005,24,384.9999999999999,6,0.15399999999999994,stream
215,2015-02-28,276,2659.9999999999995,24,235.00000000000006,9,0.08834586466165417,stream
216,2015-03-03,276,3019.9999999999995,24,415.00000000000006,6,0.1374172185430464,stream
217,2015-03-04,276,2679.9999999999995,24,350.00000000000017,7,0.13059701492537323,stream
218,2015-03-05,276,2470.000000000001,24,376.87499999999994,7,0.15258097165991896,stream
219,2015-03-06,276,2489.999999999999,24,438.7500000000001,7,0.17620481927710854,stream
220,2015-03-07,276,3205.0000000000005,24,448.1249999999999,9,0.1398205928237129,stream
221,2015-03-10,276,2800.0000000000005,24,234.99999999999997,6,0.08392857142857141,stream
222,2015-03-11,276,2870.0,24,361.87499999999994,7,0.126088850174216,stream
223,2015-03-12,276,2900.0000000000005,24,127.49999999999991,7,0.04396551724137927,stream
224,2015-03-13,276,2960.0000000000005,24,304.9999999999999,7,0.10304054054054047,stream
225,2015-03-14,276,3190.0,24,403.1250000000001,10,0.12637147335423202,stream
226,2015-03-17,276,3130.0,24,373.12500000000006,7,0.11920926517571888,stream
227,2015-03-18,276,2930.0,24,310.625,7,0.10601535836177474,stream
228,2015-03-19,276,2980.0,24,421.25000000000006,7,0.1413590604026846,stream
229,2015-03-20,276,2850.0,24,375.62499999999994,7,0.13179824561403508,stream
230,2015-03-21,276,3120.0,24,225.00000000000003,9,0.07211538461538462,stream
231,2015-03-24,276,3029.9999999999995,24,321.8750000000001,6,0.10622937293729377,stream
232,2015-03-25,276,3159.9999999999995,24,447.5000000000001,7,0.14161392405063297,stream
233,2015-03-26,276,2859.9999999999995,24,425.0000000000001,6,0.14860139860139868,stream
234,2015-03-27,276,2550.0,24,431.875,7,0.16936274509803922,stream
235,2015-03-28,276,3210.0,24,156.87499999999994,9,0.04887071651090341,stream
236,2015-03-31,276,2659.9999999999995,24,415.0000000000001,6,0.15601503759398502,stream
237,2015-04-01,276,2899.9999999999995,24,296.2500000000001,7,0.10215517241379315,stream
238,2015-04-02,276,3240.0000000000005,24,282.49999999999994,7,0.08719135802469133,stream
239,2015-04-03,276,2959.9999999999995,24,415.0,7,0.14020270270270271,stream
240,2015-04-07,276,2960.0,24,384.99999999999994,7,0.13006756756756754,stream
241,2015-04-08,276,2820.0,24,308.75,6,0.10948581560283688,stream
242,2015-04-09,276,2739.9999999999995,24,396.25000000000017,7,0.14461678832116798,stream
243,2015-04-10,276,2620.0000000000005,24,448.7499999999999,7,0.1712786259541984,stream
244,2015-04-11,276,2850.0000000000005,24,339.37499999999983,9,0.11907894736842098,stream
245,2015-04-14,276,2920.0000000000005,24,305.00000000000006,7,0.10445205479452055,stream
246,2015-04-15,276,2860.0,24,366.25,6,0.12805944055944057,stream
247,2015-04-18,276,2940.0,24,205.00000000000006,9,0.0697278911564626,stream
248,2015-04-21,276,2699.9999999999995,24,265.0000000000001,7,0.0981481481481482,stream
249,2015-04-22,276,2780.0,24,425.0,6,0.1528776978417266,stream
250,2015-04-23,276,2630.0,24,262.49999999999994,6,0.09980988593155891,stream
251,2015-04-24,276,2720.0,24,330.0,7,0.1213235294117647,stream
252,2015-04-25,276,3150.0,24,331.87500000000006,9,0.10535714285714287,stream
253,2015-04-28,276,2820.0,24,205.0,6,0.0726950354609929,stream
254,2015-04-29,276,2760.0000000000005,24,322.49999999999994,7,0.11684782608695649,stream
255,2015-04-30,276,2870.0,24,252.49999999999994,6,0.08797909407665502,stream
256,2015-05-01,276,2780.0,24,375.0,6,0.13489208633093525,stream
257,2015-05-02,276,2869.9999999999995,24,291.875,8,0.101698606271777,stream
258,2015-05-05,276,2910.0,24,236.24999999999997,7,0.08118556701030927,stream
259,2015-05-06,276,2899.9999999999995,24,325.00000000000006,6,0.11206896551724141,stream
260,2015-05-07,276,2790.0,24,236.87500000000006,6,0.08490143369175629,stream
261,2015-05-08,276,2500.0000000000005,24,415.0,6,0.16599999999999998,stream
262,2015-05-09,276,3040.0000000000005,24,309.99999999999994,9,0.1019736842105263,stream
263,2015-05-12,276,2900.0,24,206.25000000000003,7,0.07112068965517242,stream
264,2015-05-13,276,2960.0,24,294.99999999999994,7,0.09966216216216214,stream
265,2015-05-14,276,2880.0000000000005,24,309.9999999999999,6,0.10763888888888883,stream
266,2015-05-15,276,2640.0,24,339.99999999999994,7,0.12878787878787878,stream
267,2015-05-16,276,3169.999999999999,24,303.1250000000003,8,0.0956230283911673,stream
268,2015-05-26,276,2990.0,24,249.37499999999994,7,0.08340301003344479,stream
269,2015-05-27,276,3110.0,24,236.87499999999997,7,0.07616559485530545,stream
270,2015-05-28,276,2940.0,24,338.75000000000006,6,0.11522108843537417,stream
271,2015-05-29,276,2749.9999999999995,24,412.5,6,0.15000000000000002,stream
272,2015-05-30,276,3029.9999999999995,24,323.75000000000017,9,0.10684818481848193,stream
273,2015-06-02,276,2860.0,24,353.75000000000006,7,0.12368881118881121,stream
274,2015-06-03,276,2900.0,24,226.24999999999997,7,0.07801724137931033,stream
275,2015-06-04,276,2729.9999999999995,24,337.5000000000001,6,0.12362637362637369,stream
276,2015-06-05,276,2510.0,24,469.37499999999994,6,0.18700199203187248,stream
277,2015-06-06,276,2980.000000000001,24,342.4999999999997,8,0.11493288590604014,stream
278,2015-06-09,276,2759.9999999999995,24,375.00000000000006,7,0.13586956521739135,stream
279,2015-06-10,276,2730.0,24,268.12500000000006,6,0.09821428571428574,stream
280,2015-06-11,276,2660.0,24,341.24999999999994,7,0.1282894736842105,stream
281,2015-06-12,276,2320.0,24,270.00000000000006,6,0.11637931034482761,stream
282,2015-06-13,276,2730.0000000000005,24,206.24999999999983,8,0.07554945054945048,stream
283,2015-06-16,276,2580.0,24,297.5,7,0.11531007751937984,stream
284,2015-06-17,276,2520.0,24,270.0,6,0.10714285714285714,stream
285,2015-06-18,276,2710.0,24,321.875,7,0.11877306273062731,stream
286,2015-06-19,276,2699.9999999999995,24,363.75000000000006,7,0.13472222222222227,stream
287,2015-06-20,276,2990.0,24,331.8749999999999,7,0.11099498327759193,stream
288,2015-06-23,276,2520.0,24,350.00000000000006,6,0.1388888888888889,stream
289,2015-06-24,276,2910.0,24,304.375,7,0.10459621993127148,stream
290,2015-06-25,276,2740.0000000000005,24,316.24999999999994,6,0.11541970802919704,stream
291,2015-06-26,276,2500.0000000000005,24,281.24999999999994,7,0.11249999999999996,stream
292,2015-06-27,276,2520.0,24,125.00000000000001,13,0.04960317460317461,stream
293,2015-06-30,276,2620.0000000000005,24,328.74999999999994,7,0.1254770992366412,stream
294,2015-07-01,276,2640.0,24,354.99999999999994,7,0.13446969696969696,stream
295,2015-07-02,276,2250.0,24,238.12500000000003,7,0.10583333333333335,stream
296,2015-07-07,276,2560.0,24,270.0,7,0.10546875,stream
297,2015-07-08,276,2380.000000000001,24,283.7499999999999,7,0.11922268907563016,stream
298,2015-07-11,276,2170.0,24,201.87500000000003,9,0.09302995391705071,stream
299,2015-07-14,276,2329.999999999999,24,233.12500000000014,7,0.10005364806866962,stream
300,2015-07-15,276,2380.0,24,185.00000000000003,6,0.0777310924369748,stream
301,2015-07-16,276,2499.9999999999995,24,221.25000000000009,7,0.08850000000000005,stream
302,2015-07-17,276,2450.0000000000005,24,320.6249999999999,7,0.13086734693877544,stream
303,2015-07-18,276,2520.0000000000005,24,104.99999999999991,10,0.04166666666666663,stream
304,2015-07-21,276,2459.9999999999995,24,248.75000000000009,7,0.10111788617886185,stream
305,2015-07-22,276,2540.0,24,243.74999999999994,6,0.09596456692913383,stream
306,2015-07-23,276,2370.0000000000005,24,245.6249999999999,7,0.10363924050632906,stream
307,2015-07-24,276,2409.9999999999995,24,327.5000000000001,6,0.13589211618257271,stream
308,2015-07-25,276,2329.999999999999,24,226.2500000000003,8,0.09710300429184565,stream
309,2015-07-28,276,2509.9999999999995,24,309.37500000000006,7,0.12325697211155381,stream
310,2015-07-29,276,2389.9999999999995,24,251.8750000000001,7,0.105387029288703,stream
311,2015-07-30,276,2749.999999999999,24,286.25000000000006,7,0.10409090909090914,stream
312,2015-07-31,276,2220.0,24,285.00000000000006,7,0.1283783783783784,stream
313,2015-08-01,276,2240.0000000000005,24,209.99999999999983,8,0.0937499999999999,stream
314,2015-08-04,276,2420.0,24,314.9999999999999,7,0.1301652892561983,stream
315,2015-08-05,276,2690.0000000000005,24,225.6249999999999,7,0.08387546468401481,stream
316,2015-08-06,276,2290.0,24,250.62500000000003,7,0.10944323144104806,stream
317,2015-08-07,276,2289.9999999999995,24,280.62500000000006,7,0.12254366812227079,stream
318,2015-08-08,276,2320.0,24,95.00000000000003,9,0.04094827586206898,stream
319,2015-08-11,276,2389.9999999999995,24,321.8750000000001,6,0.13467573221757329,stream
320,2015-08-12,276,2170.000000000001,24,278.7499999999999,7,0.12845622119815658,stream
321,2015-08-13,276,2549.9999999999995,24,151.87500000000009,7,0.0595588235294118,stream
322,2015-08-14,276,2530.0,24,223.75,7,0.08843873517786562,stream
323,2015-08-15,276,2580.0,24,215.00000000000003,11,0.08333333333333334,stream
324,2015-08-18,276,2460.0,24,302.5,7,0.12296747967479675,stream
325,2015-08-19,276,2480.0,24,255.0,7,0.10282258064516128,stream
326,2015-08-20,276,2490.0000000000005,24,228.74999999999994,7,0.09186746987951804,stream
327,2015-08-21,276,2109.9999999999995,24,344.3750000000001,7,0.16321090047393375,stream
328,2015-08-22,276,2350.0000000000005,24,265.62499999999994,9,0.11303191489361698,stream
329,2015-08-25,276,2620.0,24,178.75000000000003,7,0.06822519083969467,stream
330,2015-08-26,276,2449.9999999999995,24,170.62500000000006,7,0.06964285714285717,stream
331,2015-08-27,276,2420.0,24,375.0,7,0.1549586776859504,stream
332,2015-08-28,276,2209.9999999999995,24,335.625,7,0.1518665158371041,stream
333,2015-08-29,276,2290.0000000000005,24,150.62499999999997,9,0.06577510917030566,stream
334,2015-09-01,276,2550.0,24,191.25000000000003,7,0.07500000000000001,stream
335,2015-09-02,276,2800.0,24,215.00000000000003,7,0.0767857142857143,stream
336,2015-09-03,276,2520.0,24,365.0,7,0.14484126984126983,stream
337,2015-09-04,276,2460.0000000000005,24,148.7499999999999,7,0.06046747967479669,stream
338,2015-09-05,276,2470.0000000000005,24,432.4999999999999,8,0.17510121457489872,stream
339,2015-09-08,276,2610.0,24,170.625,7,0.0653735632183908,stream
340,2015-09-09,276,2590.0,24,102.50000000000007,18,0.03957528957528961,stream
341,2015-09-10,276,2419.9999999999995,24,206.2500000000001,7,0.08522727272727278,stream
342,2015-09-11,276,2480.0,24,214.99999999999997,7,0.08669354838709677,stream
343,2015-09-12,276,2560.000000000001,24,79.99999999999991,9,0.03124999999999996,stream
344,2015-09-15,276,2850.0,24,215.625,7,0.0756578947368421,stream
345,2015-09-16,276,2640.0,24,255.00000000000006,7,0.09659090909090912,stream
346,2015-09-17,276,2610.0000000000005,24,180.62499999999991,7,0.06920498084291184,stream
347,2015-09-18,276,2550.0000000000005,24,151.87499999999994,6,0.059558823529411734,stream
348,2015-09-19,276,2609.9999999999995,24,214.37500000000009,10,0.08213601532567055,stream
349,2015-09-22,276,2529.9999999999995,24,273.75000000000006,7,0.10820158102766803,stream
350,2015-09-23,276,2740.0,24,297.5,7,0.10857664233576642,stream
351,2015-09-24,276,2650.0,24,298.75,7,0.11273584905660379,stream
352,2015-09-25,276,2880.0,24,330.0,6,0.11458333333333333,stream
353,2015-09-26,276,2670.000000000001,24,262.49999999999983,10,0.09831460674157294,stream
354,2015-09-29,276,2940.0,24,288.75,7,0.09821428571428571,stream
355,2015-09-30,276,2720.0,24,209.99999999999997,7,0.07720588235294117,stream
356,2015-10-01,276,2939.9999999999995,24,248.75000000000009,7,0.084608843537415,stream
357,2015-10-02,276,2419.9999999999995,24,285.0,6,0.11776859504132232,stream
358,2015-10-03,276,2919.9999999999995,24,202.50000000000009,9,0.06934931506849319,stream
359,2015-10-06,276,2680.0,24,300.00000000000006,6,0.11194029850746272,stream
360,2015-10-07,276,2800.0,24,375.00000000000006,7,0.13392857142857145,stream
361,2015-10-08,276,2660.0,24,354.99999999999994,6,0.13345864661654133,stream
362,2015-10-09,276,2600.0,24,247.5,6,0.09519230769230769,stream
363,2015-10-10,276,2870.0,24,253.74999999999991,9,0.08841463414634143,stream
364,2015-10-13,276,3080.0,24,205.0,7,0.06655844155844155,stream
365,2015-10-14,276,3070.0,24,324.37500000000006,7,0.10565960912052119,stream
366,2015-10-15,276,2760.0,24,260.00000000000006,7,0.09420289855072465,stream
367,2015-10-20,276,2820.0000000000005,24,261.2499999999999,7,0.09264184397163117,stream
368,2015-10-21,276,2539.9999999999995,24,283.7500000000001,7,0.11171259842519692,stream
369,2015-10-22,276,2679.9999999999995,24,307.5000000000001,7,0.11473880597014932,stream
370,2015-10-23,276,2789.9999999999995,24,286.8750000000001,7,0.10282258064516134,stream
371,2015-10-24,276,2770.0,24,461.25000000000006,9,0.16651624548736466,stream
372,2015-10-27,276,2539.9999999999995,24,303.75,7,0.11958661417322836,stream
373,2015-10-28,276,2720.0,24,339.99999999999994,7,0.12499999999999999,stream
374,2015-10-29,276,2710.0,24,321.87500000000006,7,0.11877306273062732,stream
375,2015-11-03,276,2909.9999999999995,24,216.25000000000003,7,0.07431271477663232,stream
376,2015-11-04,276,2889.9999999999995,24,338.1250000000001,7,0.11699826989619384,stream
377,2015-11-05,276,2760.0,24,282.49999999999994,6,0.10235507246376808,stream
378,2015-11-06,276,2860.0000000000005,24,243.74999999999994,7,0.08522727272727271,stream
379,2015-11-07,276,2920.0,24,237.50000000000009,8,0.0813356164383562,stream
380,2015-11-10,276,2470.0,24,266.87500000000006,7,0.10804655870445348,stream
381,2015-11-12,276,2639.9999999999995,24,270.0000000000001,7,0.10227272727272733,stream
382,2015-11-13,276,2630.0,24,191.24999999999997,7,0.07271863117870721,stream
383,2015-11-14,276,2820.0,24,275.0,9,0.09751773049645389,stream
384,2015-11-17,276,2950.0000000000005,24,246.87499999999994,7,0.08368644067796607,stream
385,2015-11-18,276,2970.000000000001,24,163.1249999999998,7,0.05492424242424235,stream
386,2015-11-19,276,2950.000000000001,24,262.49999999999983,6,0.08898305084745756,stream
387,2015-11-20,276,2670.0000000000005,24,362.4999999999999,7,0.1357677902621722,stream
388,2015-11-21,276,2840.0,24,302.49999999999994,8,0.10651408450704224,stream
389,2015-11-24,276,2730.0,24,197.50000000000006,7,0.07234432234432236,stream
390,2015-11-25,276,2830.0,24,412.5000000000001,7,0.14575971731448767,stream
391,2015-11-27,276,2340.0000000000005,24,43.74999999999995,17,0.018696581196581172,stream
392,2015-11-28,276,2670.0,24,352.49999999999994,9,0.13202247191011235,stream
393,2015-12-01,276,2899.9999999999995,24,305.0000000000001,6,0.10517241379310349,stream
394,2015-12-02,276,2910.0,24,226.25,7,0.07774914089347079,stream
395,2015-12-03,276,2450.0,24,287.49999999999994,6,0.11734693877551018,stream
396,2015-12-04,276,2590.0000000000005,24,294.3749999999999,7,0.11365830115830111,stream
397,2015-12-05,276,2810.0,24,253.12500000000006,11,0.09008007117437723,stream
398,2015-12-08,276,2440.0,24,202.49999999999997,6,0.08299180327868852,stream
399,2015-12-09,276,2919.999999999999,24,192.50000000000017,20,0.06592465753424666,stream
400,2015-12-10,276,2289.9999999999995,24,290.6250000000001,7,0.12691048034934505,stream
401,2015-12-11,276,2519.9999999999995,24,180.0000000000001,6,0.07142857142857148,stream
402,2015-12-12,276,2650.0000000000005,24,420.62499999999994,9,0.1587264150943396,stream
403,2015-12-15,276,2740.0000000000005,24,224.9999999999999,6,0.08211678832116784,stream
404,2015-12-16,276,2590.0,24,284.37500000000006,7,0.10979729729729731,stream
405,2015-12-17,276,2860.0000000000005,24,233.74999999999997,6,0.08173076923076922,stream
406,2015-12-18,276,2509.9999999999995,24,285.625,6,0.1137948207171315,stream
407,2015-12-19,276,2549.9999999999995,24,333.1250000000001,9,0.13063725490196085,stream
408,2015-12-22,276,2570.0,24,187.49999999999997,20,0.07295719844357976,stream
409,2015-12-23,276,2189.9999999999995,24,199.37500000000009,7,0.0910388127853882,stream
410,2015-12-24,276,1840.0000000000002,24,114.99999999999989,7,0.06249999999999993,stream
411,2015-12-26,276,1570.0,24,135.62500000000003,12,0.08638535031847135,stream
412,2015-12-29,276,2530.0,24,31.874999999999986,22,0.012598814229249007,stream
413,2015-12-30,276,2500.0,24,111.24999999999999,6,0.0445,stream
414,2015-12-31,276,2440.0,24,77.50000000000001,19,0.03176229508196722,stream
415,2016-01-02,276,2640.0000000000005,24,139.9999999999999,11,0.053030303030302976,stream
416,2016-01-05,276,2820.0,24,191.25000000000003,18,0.06781914893617022,stream
417,2016-01-06,276,2780.0,24,248.75000000000003,6,0.08947841726618706,stream
418,2016-01-07,276,2629.9999999999995,24,272.50000000000006,6,0.10361216730038027,stream
419,2016-01-08,276,2570.0,24,377.49999999999994,6,0.1468871595330739,stream
420,2016-01-09,276,2680.0,24,270.0,11,0.10074626865671642,stream
421,2016-01-12,276,3070.0000000000005,24,178.7499999999999,18,0.05822475570032569,stream
422,2016-01-13,276,2860.0,24,225.00000000000003,6,0.07867132867132869,stream
423,2016-01-14,276,2830.0000000000005,24,189.37499999999991,7,0.06691696113074201,stream
424,2016-01-15,276,2650.0000000000005,24,277.49999999999994,6,0.10471698113207543,stream
425,2016-01-16,276,2759.9999999999995,24,275.0000000000001,10,0.09963768115942036,stream
426,2016-01-19,276,2800.0,24,290.0,7,0.10357142857142856,stream
427,2016-01-20,276,2660.0,24,335.0,6,0.12593984962406013,stream
428,2016-01-21,276,2639.9999999999995,24,325.0000000000001,7,0.12310606060606068,stream
429,2016-01-22,276,2439.9999999999995,24,417.5000000000002,6,0.17110655737704933,stream
430,2016-01-23,276,2659.999999999999,24,190.00000000000034,10,0.07142857142857158,stream
431,2016-01-26,276,2770.0000000000005,24,250.62499999999997,7,0.09047833935018049,stream
432,2016-01-27,276,2580.0,24,364.99999999999994,6,0.14147286821705424,stream
433,2016-01-28,276,2560.0000000000005,24,229.99999999999994,6,0.08984374999999997,stream
434,2016-01-29,276,2670.0,24,262.5,6,0.09831460674157304,stream
435,2016-01-30,276,2910.0000000000005,24,294.37499999999994,11,0.10115979381443296,stream
436,2016-02-02,276,2829.9999999999995,24,236.2500000000001,7,0.08348056537102479,stream
437,2016-02-05,276,2509.9999999999995,24,352.50000000000006,6,0.14043824701195223,stream
438,2016-02-06,276,2990.0,24,414.9999999999999,9,0.13879598662207354,stream
439,2016-02-09,276,2560.0000000000005,24,259.99999999999994,7,0.10156249999999996,stream
440,2016-02-10,276,2749.9999999999995,24,254.37500000000009,7,0.09250000000000004,stream
441,2016-02-11,276,2980.0000000000005,24,291.24999999999994,6,0.09773489932885904,stream
442,2016-02-12,276,2770.0,24,224.37500000000006,6,0.08100180505415165,stream
443,2016-02-16,276,2890.0,24,228.12500000000003,7,0.07893598615916957,stream
444,2016-02-17,276,2710.0,24,381.875,7,0.14091328413284132,stream
445,2016-02-18,276,2839.9999999999995,24,387.5000000000001,7,0.13644366197183105,stream
446,2016-02-19,276,2719.9999999999995,24,300.00000000000017,6,0.11029411764705889,stream
447,2016-02-20,276,3080.0,24,394.99999999999994,8,0.12824675324675322,stream
448,2016-02-23,276,3030.0,24,171.875,6,0.056724422442244224,stream
449,2016-02-24,276,2509.9999999999995,24,176.25000000000009,7,0.07021912350597613,stream
450,2016-02-25,276,2680.0000000000005,24,357.5,7,0.13339552238805968,stream
451,2016-02-26,276,2320.0000000000005,24,244.9999999999999,6,0.105603448275862,stream
452,2016-02-27,276,2720.0,24,239.99999999999983,8,0.088235294117647,stream
453,2016-03-01,276,2599.9999999999995,24,280.00000000000006,6,0.10769230769230773,stream
454,2016-03-02,276,2589.9999999999995,24,254.37500000000014,6,0.0982142857142858,stream
455,2016-03-03,276,2690.0000000000005,24,383.74999999999994,7,0.1426579925650557,stream
456,2016-03-04,276,2550.0,24,411.87500000000006,7,0.16151960784313726,stream
457,2016-03-05,276,2499.9999999999995,24,282.50000000000017,9,0.1130000000000001,stream
458,2016-03-08,276,2519.9999999999995,24,322.5000000000001,6,0.12797619047619055,stream
459,2016-03-09,276,2739.9999999999995,24,317.5,7,0.11587591240875915,stream
460,2016-03-10,276,2680.0000000000005,24,195.0,21,0.07276119402985073,stream
461,2016-03-11,276,2400.0000000000005,24,359.9999999999999,7,0.14999999999999994,stream
462,2016-03-12,276,2685.0,24,190.9375,9,0.07111266294227188,stream
463,2016-03-15,276,2819.9999999999995,24,157.50000000000006,7,0.05585106382978726,stream
464,2016-03-16,276,2669.9999999999995,24,269.3750000000001,20,0.10088951310861428,stream
465,2016-03-17,276,2690.0,24,255.62500000000003,7,0.0950278810408922,stream
466,2016-03-18,276,2480.0,24,380.0,6,0.15322580645161288,stream
467,2016-03-19,276,2830.0,24,248.74999999999997,9,0.08789752650176678,stream
468,2016-03-22,276,2630.0,24,201.25000000000003,7,0.07652091254752852,stream
469,2016-03-23,276,2350.0000000000005,24,232.49999999999991,7,0.0989361702127659,stream
470,2016-03-24,276,2650.0,24,383.12500000000006,7,0.14457547169811324,stream
471,2016-03-25,276,2459.9999999999995,24,368.7500000000001,7,0.1498983739837399,stream
472,2016-03-26,276,2430.0,24,174.375,11,0.07175925925925926,stream
473,2016-03-29,276,2700.0,24,373.7499999999999,7,0.1384259259259259,stream
474,2016-04-01,276,2250.0,24,277.50000000000006,6,0.12333333333333335,stream
475,2016-04-02,276,2439.9999999999995,24,227.5000000000002,10,0.09323770491803289,stream
476,2016-04-05,276,2640.0,24,304.99999999999994,7,0.115530303030303,stream
477,2016-04-06,276,2449.9999999999995,24,380.62500000000006,6,0.1553571428571429,stream
478,2016-04-07,276,2450.0,24,417.49999999999994,6,0.17040816326530608,stream
479,2016-04-08,276,2330.0000000000005,24,413.12499999999994,6,0.17730686695278963,stream
480,2016-04-09,276,2349.9999999999995,24,228.75000000000023,8,0.09734042553191502,stream
481,2016-04-12,276,2719.9999999999995,24,180.00000000000006,7,0.06617647058823532,stream
482,2016-04-13,276,2360.0,24,277.5,6,0.11758474576271186,stream
483,2016-04-14,276,2519.9999999999995,24,330.0000000000001,6,0.13095238095238101,stream
484,2016-04-15,276,2069.9999999999995,24,382.5000000000001,6,0.18478260869565227,stream
485,2016-04-16,276,2310.0,24,172.5,10,0.07467532467532467,stream
486,2016-04-19,276,2290.0000000000005,24,367.4999999999999,6,0.1604803493449781,stream
487,2016-04-20,276,2430.0,24,302.49999999999994,7,0.12448559670781892,stream
488,2016-04-21,276,2069.9999999999995,24,372.5000000000001,6,0.17995169082125614,stream
489,2016-04-22,276,1840.0000000000002,24,314.9999999999999,6,0.17119565217391297,stream
490,2016-04-23,276,2110.0,24,226.87500000000003,9,0.10752369668246448,stream
491,2016-04-26,276,2590.0,24,254.37500000000003,7,0.09821428571428574,stream
492,2016-04-27,276,2430.0,24,154.375,6,0.06352880658436214,stream
493,2016-04-28,276,2299.9999999999995,24,365.00000000000006,6,0.15869565217391307,stream
494,2016-04-29,276,2239.9999999999995,24,300.00000000000017,6,0.1339285714285715,stream
495,2016-04-30,276,2750.0,24,410.62499999999994,10,0.1493181818181818,stream
496,2016-05-03,276,2569.9999999999995,24,278.125,6,0.10821984435797667,stream
497,2016-05-04,276,2400.0,24,319.99999999999994,6,0.1333333333333333,stream
498,2016-05-05,276,2450.0000000000005,24,387.49999999999994,6,0.15816326530612237,stream
499,2016-05-06,276,2310.0,24,352.50000000000006,6,0.15259740259740262,stream
500,2016-05-07,276,2720.0,24,229.99999999999994,11,0.08455882352941174,stream
501,2016-05-10,276,2620.0,24,328.75,7,0.12547709923664124,stream
502,2016-05-11,276,2380.0000000000005,24,315.0,6,0.13235294117647056,stream
503,2016-05-12,276,2430.0,24,264.375,7,0.1087962962962963,stream
504,2016-05-13,276,2170.0,24,397.5,6,0.18317972350230416,stream
505,2016-05-14,276,2750.0000000000005,24,234.37499999999986,10,0.08522727272727267,stream
506,2016-05-17,276,2730.0,24,238.125,6,0.08722527472527472,stream
507,2016-05-18,276,2569.9999999999995,24,248.12500000000006,6,0.09654669260700392,stream
508,2016-05-19,276,2379.9999999999995,24,362.50000000000006,7,0.15231092436974797,stream
509,2016-05-20,276,2070.0000000000005,24,253.1249999999999,6,0.12228260869565209,stream
510,2016-05-21,276,2420.0,24,222.49999999999994,8,0.09194214876033055,stream
511,2016-05-24,276,2470.0000000000005,24,282.5,6,0.11437246963562751,stream
512,2016-05-25,276,2280.0000000000005,24,242.49999999999991,6,0.10635964912280696,stream
513,2016-05-26,276,2610.0000000000005,24,220.62499999999994,7,0.08453065134099613,stream
514,2016-05-27,276,2140.0000000000005,24,295.0,7,0.1378504672897196,stream
515,2016-05-28,276,2319.9999999999995,24,200.00000000000026,9,0.08620689655172427,stream
516,2016-05-31,276,2479.9999999999995,24,225.00000000000003,7,0.09072580645161292,stream
517,2016-06-01,276,2430.0,24,242.49999999999997,19,0.09979423868312756,stream
518,2016-06-02,276,2520.0,24,270.0,7,0.10714285714285714,stream
519,2016-06-03,276,2180.0,24,374.99999999999994,6,0.17201834862385318,stream
520,2016-06-04,276,2599.9999999999995,24,247.50000000000006,11,0.09519230769230773,stream
521,2016-06-07,276,2360.0,24,247.5,7,0.1048728813559322,stream
522,2016-06-08,276,2470.0000000000005,24,171.24999999999997,7,0.06933198380566799,stream
523,2016-06-09,276,2520.0,24,175.00000000000003,7,0.06944444444444445,stream
524,2016-06-10,276,2229.9999999999995,24,263.12500000000017,6,0.117993273542601,stream
525,2016-06-11,276,2420.0,24,168.74999999999983,9,0.06973140495867762,stream
526,2016-06-14,276,2539.9999999999995,24,333.75,7,0.1313976377952756,stream
527,2016-06-15,276,2680.0,24,247.5,6,0.09235074626865672,stream
528,2016-06-16,276,2840.0000000000005,24,247.4999999999999,6,0.0871478873239436,stream
529,2016-06-17,276,2560.0000000000005,24,279.9999999999999,6,0.10937499999999993,stream
530,2016-06-18,276,2489.9999999999995,24,261.87500000000017,9,0.1051706827309238,stream
531,2016-06-21,276,2500.0000000000005,24,191.24999999999994,7,0.07649999999999997,stream
532,2016-06-22,276,2470.0,24,281.25,21,0.11386639676113361,stream
533,2016-06-23,276,2410.0000000000005,24,228.74999999999994,7,0.09491701244813275,stream
534,2016-06-24,276,2260.0,24,303.75000000000006,6,0.13440265486725667,stream
535,2016-06-25,276,2369.9999999999995,24,217.50000000000014,9,0.09177215189873425,stream
536,2016-06-28,276,2470.0000000000005,24,206.87499999999997,7,0.08375506072874492,stream
537,2016-06-29,276,2460.0,24,228.75,6,0.09298780487804878,stream
538,2016-06-30,276,2300.0,24,214.99999999999994,6,0.09347826086956519,stream
539,2016-07-01,276,2220.0,24,133.75000000000006,7,0.06024774774774777,stream
540,2016-07-02,276,2120.0,24,277.49999999999994,10,0.1308962264150943,stream
541,2016-07-05,276,2490.0,24,143.12499999999994,20,0.05747991967871483,stream
542,2016-07-06,276,2390.0,24,203.12499999999994,6,0.08498953974895394,stream
543,2016-07-07,276,2010.0,24,223.125,7,0.11100746268656717,stream
544,2016-07-08,276,2220.0,24,203.75000000000003,6,0.0917792792792793,stream
545,2016-07-09,276,2330.0,24,231.87499999999997,8,0.09951716738197423,stream
546,2016-07-12,276,2400.0,24,280.0,6,0.11666666666666667,stream
547,2016-07-13,276,2300.0,24,178.74999999999997,7,0.07771739130434781,stream
548,2016-07-14,276,2329.9999999999995,24,227.50000000000006,6,0.09763948497854082,stream
549,2016-07-15,276,2179.9999999999995,24,245.00000000000009,6,0.11238532110091749,stream
550,2016-07-16,276,2200.0,24,150.00000000000009,11,0.06818181818181822,stream
551,2016-07-19,276,2390.0,24,192.49999999999994,7,0.08054393305439328,stream
552,2016-07-20,276,2250.0,24,297.50000000000006,6,0.13222222222222224,stream
553,2016-07-21,276,2380.0,24,375.00000000000006,6,0.15756302521008406,stream
554,2016-07-28,276,2110.0,24,272.5,6,0.12914691943127965,stream
555,2016-07-29,276,2340.0000000000005,24,284.9999999999999,6,0.12179487179487172,stream
556,2016-07-30,276,2230.0000000000005,24,124.99999999999987,8,0.056053811659192765,stream
557,2016-08-02,276,2570.0,24,198.12499999999997,7,0.07709143968871594,stream
558,2016-08-03,276,2279.9999999999995,24,302.50000000000006,6,0.13267543859649128,stream
559,2016-08-04,276,2059.999999999999,24,235.00000000000017,6,0.11407766990291275,stream
560,2016-08-09,276,2080.0,24,170.00000000000003,6,0.08173076923076926,stream
561,2016-08-10,276,1980.0,24,174.99999999999994,6,0.08838383838383836,stream
562,2016-08-13,276,1970.0000000000002,24,91.87499999999996,8,0.046637055837563425,stream
563,2016-08-16,276,1970.0000000000002,24,163.75,7,0.0831218274111675,stream
564,2016-08-17,276,2119.9999999999995,24,170.00000000000006,7,0.08018867924528306,stream
565,2016-08-18,276,2060.0000000000005,24,104.99999999999984,7,0.050970873786407675,stream
566,2016-08-19,276,2050.0000000000005,24,327.4999999999999,6,0.15975609756097553,stream
567,2016-08-20,276,2260.0000000000005,24,192.49999999999994,8,0.08517699115044243,stream
568,2016-08-23,276,2060.0,24,184.99999999999994,7,0.08980582524271842,stream
569,2016-08-24,276,1980.0,24,218.75,6,0.11047979797979798,stream
570,2016-08-25,276,1939.9999999999998,24,323.7500000000001,7,0.16688144329896915,stream
571,2016-08-26,276,1629.9999999999998,24,126.25000000000001,7,0.07745398773006136,stream
572,2016-08-27,276,2150.0,24,320.62499999999994,9,0.14912790697674416,stream
573,2016-08-30,276,2080.0000000000005,24,169.99999999999994,6,0.08173076923076919,stream
574,2016-08-31,276,2180.0000000000005,24,184.9999999999999,6,0.08486238532110084,stream
575,2016-09-03,276,2380.0,24,375.00000000000006,9,0.15756302521008406,stream
576,2016-09-06,276,2449.9999999999995,24,317.5000000000001,6,0.12959183673469393,stream
577,2016-09-07,276,2390.0,24,251.87499999999997,7,0.1053870292887029,stream
578,2016-09-08,276,2280.0,24,302.49999999999994,7,0.13267543859649122,stream
579,2016-09-09,276,2049.9999999999995,24,229.37500000000017,6,0.11189024390243914,stream
580,2016-09-10,276,2509.9999999999995,24,335.0000000000001,8,0.13346613545816738,stream
581,2016-09-13,276,2570.0,24,308.1249999999999,7,0.11989299610894938,stream
582,2016-09-14,276,2160.0,24,260.00000000000006,6,0.12037037037037039,stream
583,2016-09-15,276,2420.0,24,276.25,7,0.11415289256198347,stream
584,2016-09-16,276,2320.0,24,330.00000000000006,6,0.14224137931034486,stream
585,2016-09-17,276,2620.0000000000005,24,267.4999999999999,10,0.10209923664122132,stream
586,2016-09-20,276,2419.9999999999995,24,336.25,7,0.13894628099173556,stream
587,2016-09-21,276,2380.0000000000005,24,214.99999999999994,6,0.09033613445378148,stream
588,2016-09-22,276,2740.0,24,175.00000000000006,6,0.06386861313868615,stream
589,2016-09-23,276,2260.0,24,266.25,7,0.11780973451327434,stream
590,2016-09-24,276,2740.0000000000005,24,321.24999999999983,9,0.11724452554744517,stream
591,2016-09-27,276,2630.0,24,161.25,7,0.06131178707224334,stream
592,2016-09-28,276,2710.0000000000005,24,321.875,7,0.1187730627306273,stream
593,2016-09-29,276,2720.0000000000005,24,389.9999999999999,7,0.1433823529411764,stream
594,2016-09-30,276,2639.9999999999995,24,280.0000000000001,6,0.10606060606060612,stream
595,2016-10-01,276,2920.0,24,295.00000000000006,9,0.101027397260274,stream
596,2016-10-04,276,2550.0,24,292.5,6,0.11470588235294117,stream
597,2016-10-05,276,2700.0,24,215.0,6,0.07962962962962963,stream
598,2016-10-06,276,2639.9999999999995,24,310.0000000000001,6,0.11742424242424249,stream
599,2016-10-07,276,2689.9999999999995,24,235.625,7,0.08759293680297399,stream
600,2016-10-08,276,2689.999999999999,24,77.50000000000016,10,0.02881040892193315,stream
601,2016-10-11,276,2930.0,24,310.625,7,0.10601535836177474,stream
602,2016-10-12,276,2720.0,24,320.00000000000006,7,0.11764705882352942,stream
603,2016-10-13,276,2600.0,24,169.99999999999997,6,0.06538461538461537,stream
604,2016-10-14,276,2449.9999999999995,24,250.62500000000009,7,0.10229591836734699,stream
605,2016-10-15,276,2760.0,24,357.50000000000006,11,0.1295289855072464,stream
606,2016-10-18,276,2400.0000000000005,24,279.9999999999999,6,0.11666666666666661,stream
607,2016-10-19,276,2389.9999999999995,24,272.50000000000006,7,0.11401673640167369,stream
608,2016-10-20,276,2600.0,24,142.49999999999994,7,0.054807692307692286,stream
609,2016-10-21,276,2320.0000000000005,24,344.99999999999994,7,0.1487068965517241,stream
610,2016-10-22,276,2670.0,24,288.74999999999994,8,0.10814606741573032,stream
611,2016-10-25,276,2510.0,24,272.49999999999994,6,0.1085657370517928,stream
612,2016-10-26,276,2770.0000000000005,24,450.625,7,0.16268050541516244,stream
613,2016-10-27,276,2470.0000000000005,24,316.875,7,0.1282894736842105,stream
614,2016-10-28,276,2689.999999999999,24,427.5000000000002,7,0.15892193308550198,stream
615,2016-10-29,276,2870.0,24,263.75000000000006,10,0.09189895470383276,stream
616,2016-11-01,276,2870.0,24,232.5,6,0.08101045296167247,stream
617,2016-11-02,276,2830.0000000000005,24,269.37500000000006,7,0.09518551236749116,stream
618,2016-11-03,276,2690.0,24,337.5,6,0.12546468401486988,stream
619,2016-11-04,276,2629.999999999999,24,392.50000000000017,6,0.14923954372623585,stream
620,2016-11-10,276,2790.0000000000005,24,358.1249999999999,6,0.12836021505376338,stream
621,2016-11-12,276,3109.9999999999995,24,272.50000000000006,9,0.08762057877813507,stream
622,2016-11-17,276,2909.9999999999995,24,254.37500000000009,7,0.08741408934707909,stream
623,2016-11-18,276,2749.9999999999995,24,332.50000000000006,6,0.12090909090909095,stream
624,2016-11-19,276,3150.0,24,278.75000000000006,9,0.0884920634920635,stream
625,2016-11-22,276,3050.0,24,427.49999999999994,7,0.1401639344262295,stream
626,2016-11-23,276,3060.0,24,325.0,7,0.1062091503267974,stream
627,2016-11-25,276,2429.9999999999995,24,36.250000000000064,10,0.014917695473251058,stream
628,2016-11-26,276,2880.0,24,410.0,11,0.1423611111111111,stream
629,2016-11-29,276,2989.9999999999995,24,282.5000000000001,6,0.0944816053511706,stream
630,2016-11-30,276,3079.9999999999995,24,272.5,6,0.08847402597402598,stream
631,2016-12-03,276,3169.999999999999,24,326.8750000000004,9,0.10311514195583611,stream
632,2016-12-08,276,3839.9999999999995,24,640.0000000000002,7,0.16666666666666674,stream
633,2016-12-09,276,2920.0000000000005,24,487.5,6,0.16695205479452052,stream
634,2016-12-10,276,3200.0,24,459.99999999999983,10,0.14374999999999993,stream
635,2016-12-13,276,2819.9999999999995,24,345.0000000000001,6,0.12234042553191495,stream
636,2016-12-14,276,2830.000000000001,24,355.6249999999998,6,0.1256625441696112,stream
637,2016-12-15,276,2910.0,24,226.25000000000003,7,0.0777491408934708,stream
638,2016-12-16,276,3060.0,24,393.74999999999994,6,0.12867647058823528,stream
639,2016-12-17,276,3380.0000000000005,24,351.2499999999998,11,0.10392011834319517,stream
640,2016-12-20,276,2580.000000000001,24,326.24999999999983,7,0.12645348837209291,stream
641,2016-12-21,276,2730.0,24,138.125,7,0.050595238095238096,stream
642,2016-12-22,276,2310.0,24,156.87499999999997,7,0.06791125541125541,stream
643,2016-12-27,276,2240.0,24,159.99999999999994,8,0.0714285714285714,stream
644,2016-12-28,276,2479.9999999999995,24,190.00000000000009,8,0.0766129032258065,stream
645,2016-12-29,276,2590.0,24,114.37500000000006,7,0.04416023166023168,stream
646,2016-12-30,276,2719.9999999999995,24,110.00000000000013,7,0.040441176470588286,stream
647,2016-12-31,276,2809.9999999999995,24,211.8750000000001,13,0.07540035587188616,stream
648,2017-01-03,276,3030.0,24,291.87500000000006,7,0.09632838283828384,stream
649,2017-01-04,276,2770.0,24,430.62499999999994,7,0.15546028880866425,stream
650,2017-01-05,276,2950.0000000000005,24,366.8749999999999,7,0.12436440677966096,stream
651,2017-01-06,276,2900.0,24,404.99999999999994,6,0.13965517241379308,stream
652,2017-01-07,276,3570.0,24,378.74999999999994,9,0.1060924369747899,stream
653,2017-01-10,276,3480.0,24,484.99999999999994,7,0.139367816091954,stream
654,2017-01-11,276,3309.9999999999995,24,389.3750000000001,7,0.11763595166163149,stream
655,2017-01-12,276,3570.0,24,407.49999999999994,7,0.11414565826330532,stream
656,2017-01-13,276,3279.9999999999995,24,450.00000000000017,7,0.13719512195121958,stream
657,2017-01-14,276,3100.0000000000005,24,401.24999999999994,9,0.1294354838709677,stream
658,2017-01-17,276,3450.0,24,427.5,7,0.12391304347826088,stream
659,2017-01-18,276,3269.999999999999,24,322.5000000000003,7,0.09862385321100928,stream
660,2017-01-19,276,3199.9999999999995,24,420.00000000000006,6,0.13125000000000003,stream
661,2017-01-20,276,3100.0000000000005,24,372.49999999999994,8,0.1201612903225806,stream
662,2017-01-21,276,3060.0,24,125.00000000000003,9,0.040849673202614394,stream
663,2017-01-24,276,3409.999999999999,24,307.50000000000017,6,0.09017595307917896,stream
664,2017-01-25,276,2819.9999999999995,24,355.00000000000006,6,0.12588652482269508,stream
665,2017-01-26,276,2910.0,24,280.625,6,0.09643470790378006,stream
666,2017-01-27,276,2940.0,24,265.00000000000006,7,0.09013605442176874,stream
667,2017-01-28,276,3360.0,24,499.99999999999994,9,0.14880952380952378,stream
668,2017-01-31,276,2980.0,24,421.25000000000006,7,0.1413590604026846,stream
669,2017-02-01,276,3160.0,24,270.00000000000006,7,0.08544303797468357,stream
670,2017-02-02,276,2990.0,24,442.4999999999999,6,0.14799331103678925,stream
671,2017-02-03,276,2840.0,24,322.5,6,0.113556338028169,stream
672,2017-02-04,276,2900.0,24,243.75,10,0.08405172413793104,stream
673,2017-02-07,276,3549.9999999999995,24,224.37500000000006,7,0.0632042253521127,stream
674,2017-02-08,276,2830.000000000001,24,372.49999999999983,6,0.13162544169611298,stream
675,2017-02-09,276,3040.0000000000005,24,299.99999999999994,6,0.09868421052631576,stream
676,2017-02-10,276,2910.0,24,380.62499999999994,6,0.13079896907216493,stream
677,2017-02-11,276,3229.9999999999995,24,400.6250000000001,10,0.12403250773993812,stream
678,2017-02-14,276,3160.0000000000005,24,319.99999999999994,6,0.1012658227848101,stream
679,2017-02-15,276,2970.0,24,407.49999999999994,6,0.1372053872053872,stream
680,2017-02-16,276,3030.0,24,231.87500000000009,6,0.07652640264026406,stream
681,2017-02-17,276,3080.0000000000005,24,327.49999999999983,6,0.10633116883116875,stream
682,2017-02-18,276,3100.0000000000005,24,271.2499999999999,10,0.08749999999999995,stream
683,2017-02-21,276,3080.0000000000005,24,362.4999999999999,7,0.11769480519480514,stream
684,2017-02-22,276,3280.0,24,295.00000000000006,6,0.08993902439024393,stream
685,2017-02-23,276,2939.999999999999,24,265.0000000000002,6,0.09013605442176881,stream
686,2017-02-24,276,2820.0000000000005,24,258.7499999999999,6,0.09175531914893612,stream
687,2017-02-25,276,3500.0000000000005,24,406.2499999999998,10,0.11607142857142849,stream
688,2017-02-28,276,3450.0,24,173.12499999999997,8,0.05018115942028985,stream
689,2017-03-01,276,3140.0000000000005,24,304.9999999999999,6,0.09713375796178338,stream
690,2017-03-02,276,3019.9999999999995,24,345.00000000000006,6,0.11423841059602652,stream
691,2017-03-03,276,3000.0000000000005,24,409.9999999999999,6,0.1366666666666666,stream
692,2017-03-04,276,3029.9999999999995,24,213.12500000000017,8,0.0703382838283829,stream
693,2017-03-07,276,3430.0000000000005,24,336.87499999999994,7,0.09821428571428568,stream
694,2017-03-08,276,2880.0,24,309.99999999999994,6,0.10763888888888888,stream
695,2017-03-09,276,3290.0,24,388.74999999999994,7,0.11816109422492399,stream
696,2017-03-10,276,3010.0000000000005,24,239.37499999999997,6,0.07952657807308969,stream
697,2017-03-11,276,3175.0000000000005,24,207.81249999999991,8,0.06545275590551178,stream
698,2017-03-14,276,2900.0000000000005,24,273.7499999999999,6,0.09439655172413787,stream
699,2017-03-15,276,3010.0000000000005,24,257.5,6,0.08554817275747507,stream
700,2017-03-16,276,3110.0,24,276.875,7,0.0890273311897106,stream
701,2017-03-17,276,2670.0,24,362.5,6,0.13576779026217228,stream
702,2017-03-18,276,2670.0000000000005,24,265.62499999999983,8,0.09948501872659168,stream
703,2017-03-21,276,3250.0,24,250.62500000000003,7,0.07711538461538463,stream
704,2017-03-22,276,3130.0000000000005,24,377.49999999999994,7,0.1206070287539936,stream
705,2017-03-23,276,3380.0,24,187.49999999999997,7,0.05547337278106508,stream
706,2017-03-24,276,2859.9999999999995,24,306.25000000000017,6,0.10708041958041967,stream
707,2017-03-25,276,3030.0,24,304.37499999999994,8,0.10045379537953794,stream
708,2017-03-28,276,3360.0,24,370.0,6,0.11011904761904763,stream
709,2017-03-29,276,3160.0,24,227.50000000000003,6,0.07199367088607596,stream
710,2017-03-30,276,3080.0,24,299.99999999999994,6,0.09740259740259738,stream
711,2017-03-31,276,2989.999999999999,24,389.3750000000001,7,0.13022575250836127,stream
712,2017-04-01,276,2790.0000000000005,24,339.3749999999998,9,0.12163978494623646,stream
713,2017-04-05,276,3079.999999999999,24,400.0000000000002,6,0.12987012987012997,stream
714,2017-04-06,276,3319.999999999999,24,390.0000000000002,6,0.11746987951807238,stream
715,2017-04-07,276,3150.000000000001,24,292.4999999999998,6,0.09285714285714276,stream
716,2017-04-08,276,2970.0000000000005,24,103.12499999999989,9,0.03472222222222218,stream
717,2017-04-11,276,3200.0000000000005,24,339.99999999999994,7,0.10624999999999997,stream
718,2017-04-12,276,3150.0000000000005,24,472.49999999999994,6,0.14999999999999997,stream
719,2017-04-13,276,3249.9999999999995,24,400.6250000000001,7,0.12326923076923081,stream
720,2017-04-14,276,2850.0,24,527.5,6,0.1850877192982456,stream
721,2017-04-18,276,3050.0000000000005,24,407.4999999999999,6,0.13360655737704913,stream
722,2017-04-19,276,3000.0000000000005,24,329.9999999999999,6,0.10999999999999995,stream
723,2017-04-20,276,3040.0,24,290.0,6,0.09539473684210527,stream
724,2017-04-21,276,2939.9999999999995,24,465.0000000000001,7,0.1581632653061225,stream
725,2017-04-22,276,2989.9999999999995,24,281.87500000000006,10,0.09427257525083615,stream
726,2017-04-25,276,2830.0,24,349.375,7,0.1234540636042403,stream
727,2017-04-26,276,3099.999999999999,24,365.0000000000003,6,0.1177419354838711,stream
728,2017-04-27,276,3000.000000000001,24,382.49999999999966,6,0.12749999999999986,stream
729,2017-04-28,276,2840.0,24,332.5,7,0.11707746478873239,stream
730,2017-04-29,276,2510.0,24,192.49999999999994,8,0.07669322709163344,stream
731,2017-05-02,276,2650.0000000000005,24,337.49999999999994,6,0.1273584905660377,stream
732,2017-05-03,276,2860.0,24,225.00000000000003,6,0.07867132867132869,stream
733,2017-05-04,276,2659.9999999999995,24,325.00000000000006,6,0.12218045112781958,stream
734,2017-05-05,276,2819.9999999999995,24,365.0000000000001,6,0.12943262411347523,stream
735,2017-05-06,276,2709.9999999999995,24,272.5000000000001,10,0.10055350553505542,stream
736,2017-05-09,276,3070.0000000000005,24,412.4999999999999,6,0.13436482084690549,stream
737,2017-05-10,276,2760.0,24,537.5,6,0.1947463768115942,stream
738,2017-05-11,276,2860.0000000000005,24,372.49999999999994,7,0.1302447552447552,stream
739,2017-05-12,276,2830.0000000000005,24,242.49999999999997,6,0.08568904593639574,stream
740,2017-05-13,276,2980.0,24,330.00000000000017,8,0.11073825503355711,stream
741,2017-05-16,276,3090.0,24,310.62500000000006,7,0.10052588996763755,stream
742,2017-05-17,276,3079.999999999999,24,410.0000000000001,6,0.1331168831168832,stream
743,2017-05-23,276,2479.9999999999995,24,300.0,6,0.12096774193548389,stream
744,2017-05-24,276,2859.9999999999995,24,293.7500000000001,6,0.10270979020979028,stream
745,2017-05-25,276,2920.000000000001,24,272.4999999999999,7,0.09332191780821911,stream
746,2017-05-26,276,2710.0,24,321.87500000000006,7,0.11877306273062732,stream
747,2017-05-27,276,2390.0,24,171.87499999999997,8,0.07191422594142258,stream
748,2017-05-30,276,2740.0000000000005,24,264.99999999999994,6,0.09671532846715326,stream
749,2017-05-31,276,2950.000000000001,24,226.87499999999983,7,0.07690677966101687,stream
750,2017-06-01,276,2550.0,24,272.5,6,0.10686274509803922,stream
751,2017-06-02,276,2790.0,24,216.87499999999997,7,0.07773297491039426,stream
752,2017-06-03,276,2860.0,24,297.5000000000001,8,0.10402097902097905,stream
753,2017-06-06,276,2839.9999999999995,24,240.0000000000001,6,0.08450704225352117,stream
754,2017-06-07,276,2640.0,24,339.99999999999994,7,0.12878787878787878,stream
755,2017-06-08,276,2960.0,24,244.99999999999994,6,0.08277027027027024,stream
756,2017-06-09,276,2659.9999999999995,24,331.2500000000001,7,0.12453007518796998,stream
757,2017-06-10,276,2960.0,24,134.99999999999991,8,0.04560810810810808,stream
758,2017-06-14,276,2790.0,24,386.87500000000006,6,0.13866487455197135,stream
759,2017-06-15,276,2850.0,24,327.50000000000006,7,0.1149122807017544,stream
760,2017-06-16,276,2449.9999999999995,24,627.4999999999999,7,0.25612244897959185,stream
761,2017-06-17,276,2960.0,24,179.99999999999994,8,0.060810810810810786,stream
762,2017-06-20,276,2819.9999999999995,24,301.25000000000006,7,0.1068262411347518,stream
763,2017-06-21,276,2860.0,24,193.75000000000006,6,0.06774475524475528,stream
764,2017-06-22,276,2640.0,24,300.0,6,0.11363636363636363,stream
765,2017-06-23,276,2880.0,24,370.00000000000006,7,0.12847222222222224,stream
766,2017-06-24,276,2860.0000000000005,24,202.5,10,0.0708041958041958,stream
767,2017-06-27,276,2630.0,24,286.87499999999994,7,0.1090779467680608,stream
768,2017-06-28,276,2789.9999999999995,24,238.12500000000014,6,0.08534946236559146,stream
769,2017-06-29,276,2740.0,24,295.00000000000006,7,0.10766423357664237,stream
770,2017-06-30,276,2500.0,24,255.00000000000006,7,0.10200000000000002,stream
771,2017-07-01,276,2469.9999999999995,24,168.1250000000002,10,0.06806680161943329,stream
772,2017-07-05,276,2470.0,24,186.87500000000009,7,0.07565789473684215,stream
773,2017-07-06,276,2300.0,24,232.49999999999997,7,0.10108695652173912,stream
774,2017-07-07,276,2580.0000000000005,24,294.9999999999999,7,0.11434108527131778,stream
775,2017-07-08,276,2539.9999999999995,24,193.75000000000009,10,0.07627952755905516,stream
776,2017-07-11,276,2490.0,24,218.75000000000006,7,0.08785140562248998,stream
777,2017-07-12,276,2560.0000000000005,24,249.99999999999997,6,0.09765624999999997,stream
778,2017-07-13,276,2770.0,24,303.75,7,0.10965703971119134,stream
779,2017-07-14,276,2240.0,24,260.0,7,0.11607142857142856,stream
780,2017-07-15,276,2499.9999999999995,24,226.25000000000026,9,0.09050000000000012,stream
781,2017-07-18,276,2580.0,24,405.0,6,0.1569767441860465,stream
782,2017-07-19,276,2820.0,24,241.24999999999997,6,0.08554964539007091,stream
783,2017-07-20,276,2610.0,24,360.625,7,0.1381704980842912,stream
784,2017-07-21,276,2440.0000000000005,24,387.49999999999983,6,0.15881147540983598,stream
785,2017-07-22,276,2460.0000000000005,24,204.99999999999986,8,0.08333333333333326,stream
786,2017-07-25,276,2480.0,24,350.0,6,0.1411290322580645,stream
787,2017-07-26,276,2280.0,24,352.5,7,0.15460526315789475,stream
788,2017-07-27,276,2650.0000000000005,24,327.5,7,0.12358490566037734,stream
789,2017-07-28,276,2350.000000000001,24,272.49999999999983,7,0.11595744680851051,stream
790,2017-07-29,276,2320.0,24,140.0,10,0.060344827586206906,stream
791,2017-08-01,276,2620.0000000000005,24,301.2499999999999,6,0.11498091603053429,stream
792,2017-08-02,276,2480.0,24,269.9999999999999,7,0.10887096774193543,stream
793,2017-08-03,276,2430.0,24,274.37499999999994,7,0.11291152263374483,stream
794,2017-08-04,276,2320.0,24,210.00000000000003,7,0.09051724137931036,stream
795,2017-08-05,276,2759.9999999999995,24,225.0000000000002,8,0.08152173913043487,stream
796,2017-08-08,276,2659.9999999999995,24,185.00000000000009,6,0.06954887218045117,stream
797,2017-08-09,276,2449.999999999999,24,173.75000000000009,7,0.07091836734693883,stream
798,2017-08-10,276,2379.9999999999995,24,113.75000000000013,7,0.04779411764705889,stream
799,2017-08-11,276,2369.9999999999995,24,287.50000000000006,7,0.12130801687763718,stream
800,2017-08-12,276,2660.0,24,118.74999999999996,8,0.04464285714285712,stream
801,2017-08-15,276,2470.0,24,286.87500000000006,7,0.11614372469635631,stream
802,2017-08-16,276,2539.9999999999995,24,163.75000000000006,6,0.06446850393700791,stream
803,2017-08-17,276,2519.9999999999995,24,302.50000000000017,6,0.12003968253968263,stream
804,2017-08-18,276,2089.9999999999995,24,277.50000000000006,6,0.13277511961722493,stream
805,2017-08-19,276,2479.999999999999,24,290.00000000000034,8,0.11693548387096792,stream
806,2017-08-22,276,2640.0,24,245.00000000000003,7,0.09280303030303032,stream
807,2017-08-23,276,2460.0,24,202.5,7,0.08231707317073171,stream
808,2017-08-24,276,2490.0000000000005,24,253.1249999999999,7,0.10165662650602404,stream
809,2017-08-25,276,2650.0,24,217.50000000000003,7,0.08207547169811322,stream
810,2017-08-26,276,2750.0,24,163.1249999999999,8,0.05931818181818178,stream
811,2017-08-29,276,2420.0,24,206.24999999999997,7,0.08522727272727271,stream
812,2017-08-30,276,2820.0,24,91.25,7,0.03235815602836879,stream
813,2017-08-31,276,2699.9999999999995,24,225.0000000000001,6,0.08333333333333338,stream
814,2017-09-01,276,2470.0000000000005,24,278.1249999999999,6,0.11260121457489873,stream
815,2017-09-02,276,2490.0000000000005,24,84.37499999999996,9,0.033885542168674676,stream
816,2017-09-06,276,2499.9999999999995,24,271.2500000000001,7,0.10850000000000008,stream
817,2017-09-07,276,2620.000000000001,24,294.9999999999999,6,0.11259541984732815,stream
818,2017-09-08,276,2269.9999999999995,24,212.50000000000006,6,0.09361233480176216,stream
819,2017-09-09,276,2790.0,24,228.12499999999994,9,0.08176523297491037,stream
820,2017-09-13,276,2760.0,24,310.0,6,0.11231884057971016,stream
821,2017-09-14,276,2340.0000000000005,24,241.2499999999999,7,0.10309829059829052,stream
822,2017-09-15,276,2390.0,24,293.12499999999994,6,0.12264644351464433,stream
823,2017-09-16,276,2610.0,24,140.62499999999994,10,0.05387931034482757,stream
824,2017-09-19,276,2650.0,24,271.87500000000006,6,0.10259433962264153,stream
825,2017-09-20,276,2609.9999999999995,24,277.50000000000006,6,0.1063218390804598,stream
826,2017-09-21,276,2559.9999999999995,24,350.0000000000001,6,0.13671875000000006,stream
827,2017-09-22,276,2499.9999999999995,24,385.0000000000001,6,0.15400000000000008,stream
828,2017-09-23,276,2700.0,24,218.74999999999994,8,0.0810185185185185,stream
829,2017-09-26,276,2749.9999999999995,24,292.5,6,0.10636363636363637,stream
830,2017-09-27,276,2989.9999999999995,24,272.50000000000006,6,0.09113712374581943,stream
831,2017-09-28,276,2580.0,24,325.0,6,0.12596899224806202,stream
832,2017-10-03,276,2780.0,24,275.0,6,0.0989208633093525,stream
833,2017-10-04,276,2630.0,24,352.4999999999999,6,0.13403041825095052,stream
834,2017-10-05,276,2650.0,24,387.4999999999999,6,0.1462264150943396,stream
835,2017-10-06,276,2219.9999999999995,24,265.0000000000001,6,0.11936936936936945,stream
836,2017-10-07,276,2810.0,24,426.25,8,0.15169039145907473,stream
837,2017-10-10,276,2809.9999999999995,24,297.50000000000006,6,0.10587188612099646,stream
838,2017-10-11,276,2860.0,24,225.0000000000001,6,0.07867132867132871,stream
839,2017-10-12,276,3060.0000000000005,24,323.74999999999983,6,0.10580065359477117,stream
840,2017-10-13,276,2430.0,24,342.5,6,0.14094650205761317,stream
841,2017-10-14,276,2880.0,24,220.00000000000003,8,0.0763888888888889,stream
842,2017-10-17,276,3170.0,24,315.62499999999994,6,0.09956624605678231,stream
843,2017-10-18,276,3060.0,24,215.00000000000003,6,0.07026143790849675,stream
844,2017-10-19,276,2940.0,24,175.00000000000006,6,0.05952380952380954,stream
845,2017-10-20,276,2720.0,24,389.99999999999983,6,0.1433823529411764,stream
846,2017-10-21,276,2930.0,24,180.62499999999997,9,0.061646757679180875,stream
847,2017-10-24,276,2690.0000000000005,24,305.6249999999999,6,0.11361524163568767,stream
848,2017-10-25,276,2840.0000000000005,24,302.4999999999999,6,0.10651408450704218,stream
849,2017-10-26,276,2730.0000000000005,24,317.49999999999983,6,0.1163003663003662,stream
850,2017-10-27,276,2529.9999999999995,24,297.5000000000001,6,0.1175889328063242,stream
851,2017-10-28,276,3010.0000000000005,24,219.3749999999999,9,0.07288205980066441,stream
852,2017-10-31,276,2940.000000000001,24,364.99999999999983,6,0.12414965986394548,stream
853,2017-11-01,276,2760.0,24,260.0,6,0.09420289855072463,stream
854,2017-11-02,276,3099.9999999999995,24,325.00000000000017,6,0.10483870967741943,stream
855,2017-11-03,276,2839.9999999999995,24,377.5,6,0.13292253521126762,stream
856,2017-11-07,276,3080.0,24,462.49999999999994,6,0.15016233766233764,stream
857,2017-11-08,276,3099.999999999999,24,405.0000000000001,6,0.13064516129032266,stream
858,2017-11-09,276,3050.0,24,378.12500000000006,6,0.12397540983606559,stream
859,2017-11-14,276,3190.0000000000005,24,482.49999999999994,6,0.1512539184952978,stream
860,2017-11-15,276,3099.9999999999995,24,271.25000000000017,6,0.08750000000000008,stream
861,2017-11-16,276,3119.9999999999995,24,290.0000000000001,7,0.092948717948718,stream
862,2017-11-17,276,2920.0000000000005,24,550.0,6,0.18835616438356162,stream
863,2017-11-18,276,2899.9999999999995,24,325.00000000000006,9,0.11206896551724141,stream
864,2017-11-21,276,3140.0,24,464.9999999999999,6,0.14808917197452226,stream
865,2017-11-22,276,2869.9999999999995,24,323.12500000000017,6,0.11258710801393736,stream
866,2017-11-24,276,2160.0,24,129.99999999999997,19,0.06018518518518517,stream
867,2017-11-25,276,2579.9999999999995,24,232.50000000000023,8,0.09011627906976755,stream
868,2017-11-28,276,3470.0,24,249.37499999999994,18,0.07186599423631122,stream
869,2017-11-29,276,3060.0,24,335.0,6,0.10947712418300654,stream
870,2017-11-30,276,3040.000000000001,24,239.99999999999986,7,0.07894736842105256,stream
871,2017-12-05,276,3249.9999999999995,24,377.5000000000001,6,0.11615384615384622,stream
872,2017-12-06,276,2790.0,24,416.875,7,0.14941756272401435,stream
873,2017-12-07,276,2750.0,24,542.5,6,0.19727272727272724,stream
874,2017-12-12,276,2969.9999999999986,24,358.7500000000002,7,0.12079124579124592,stream
875,2017-12-13,276,3400.0,24,212.49999999999997,7,0.06249999999999999,stream
876,2017-12-14,276,3280.0,24,425.0,6,0.12957317073170732,stream
877,2017-12-15,276,2889.9999999999995,24,468.12500000000006,7,0.16198096885813154,stream
878,2017-12-16,276,3709.9999999999995,24,306.8750000000001,10,0.08271563342318064,stream
879,2017-12-19,276,3080.0,24,282.5,7,0.09172077922077922,stream
880,2017-12-22,276,2750.0,24,264.37499999999994,7,0.09613636363636362,stream
881,2017-12-23,276,2420.0,24,325.0,9,0.13429752066115702,stream
882,2017-12-26,276,2529.9999999999995,24,125.62500000000006,19,0.04965415019762849,stream
883,2017-12-27,276,2680.0,24,147.5,7,0.05503731343283583,stream
884,2017-12-30,276,2430.0,24,236.25,10,0.09722222222222222,stream
885,2018-01-03,276,3359.9999999999995,24,290.0000000000001,6,0.08630952380952385,stream
886,2018-01-04,276,2990.0,24,442.5,7,0.14799331103678928,stream
887,2018-01-05,276,2869.9999999999995,24,421.87500000000006,7,0.1469947735191638,stream
888,2018-01-09,276,3100.0000000000005,24,328.7499999999999,19,0.10604838709677415,stream
889,2018-01-12,276,2690.0000000000005,24,417.49999999999994,6,0.1552044609665427,stream
890,2018-01-13,276,3420.0,24,493.7499999999999,9,0.14437134502923973,stream
891,2018-01-16,276,3299.9999999999995,24,285.00000000000017,6,0.08636363636363642,stream
892,2018-01-17,276,3300.0,24,345.0,6,0.10454545454545454,stream
893,2018-01-25,276,2899.9999999999995,24,485.0000000000001,6,0.16724137931034488,stream
894,2018-01-26,276,2980.0,24,371.25000000000006,7,0.1245805369127517,stream
895,2018-01-30,276,3220.0000000000005,24,276.24999999999994,7,0.08579192546583848,stream
896,2018-02-02,276,3000.0,24,472.4999999999999,6,0.15749999999999997,stream
897,2018-02-03,276,3600.0,24,274.9999999999999,9,0.07638888888888885,stream
898,2018-02-06,276,3050.0,24,417.5,6,0.13688524590163934,stream
899,2018-02-07,276,3130.0000000000005,24,403.12499999999994,6,0.12879392971246004,stream
900,2018-02-10,276,3210.0000000000005,24,258.12499999999994,9,0.08041277258566974,stream
901,2018-02-14,276,3090.0,24,370.62500000000006,7,0.11994336569579289,stream
902,2018-02-15,276,2750.0,24,280.6249999999999,6,0.1020454545454545,stream
903,2018-02-20,276,3149.9999999999995,24,319.37500000000006,7,0.10138888888888893,stream
904,2018-02-23,276,2890.000000000001,24,396.87499999999983,6,0.13732698961937706,stream
905,2018-02-24,276,3080.0,24,162.49999999999991,17,0.05275974025974023,stream
906,2018-02-27,276,2879.9999999999995,24,430.00000000000017,6,0.14930555555555564,stream
907,2018-02-28,276,2920.0000000000005,24,449.9999999999999,6,0.15410958904109584,stream
908,2018-03-01,276,3070.000000000001,24,434.3749999999999,6,0.14149022801302924,stream
909,2018-03-08,276,2920.0,24,459.99999999999994,6,0.15753424657534246,stream
910,2018-03-09,276,2750.0,24,502.5,6,0.1827272727272727,stream
911,2018-03-13,276,3240.0,24,312.49999999999994,7,0.0964506172839506,stream
912,2018-03-16,276,2830.0,24,442.5,6,0.15636042402826855,stream
913,2018-03-17,276,3110.0,24,323.75000000000006,8,0.10409967845659164,stream
914,2018-03-20,276,3100.0,24,345.0000000000001,6,0.1112903225806452,stream
915,2018-03-21,276,3359.9999999999995,24,430.00000000000006,6,0.12797619047619052,stream
916,2018-03-24,276,2889.9999999999995,24,308.12500000000006,9,0.10661764705882358,stream
917,2018-03-27,276,3170.0,24,287.5,6,0.09069400630914827,stream
918,2018-03-28,276,3340.0000000000005,24,324.99999999999994,6,0.09730538922155686,stream
919,2018-03-29,276,3099.9999999999995,24,388.75000000000006,6,0.12540322580645166,stream
920,2018-04-05,276,3259.9999999999995,24,595.0000000000001,6,0.1825153374233129,stream
921,2018-04-06,276,2930.0,24,544.375,6,0.18579351535836175,stream
922,2018-04-10,276,3080.0,24,349.99999999999994,6,0.1136363636363636,stream
923,2018-04-13,276,3140.0,24,375.0,6,0.11942675159235669,stream
924,2018-04-14,276,3220.0,24,292.5000000000001,9,0.09083850931677022,stream
925,2018-04-17,276,3430.0,24,462.5000000000001,6,0.13483965014577262,stream
926,2018-04-18,276,3390.0,24,342.5,6,0.10103244837758112,stream
927,2018-04-21,276,2900.0,24,273.75000000000006,9,0.09439655172413794,stream
928,2018-04-25,276,2870.0,24,363.12499999999994,6,0.1265243902439024,stream
929,2018-04-26,276,2790.0,24,342.50000000000006,6,0.12275985663082438,stream
930,2018-05-01,276,2929.999999999999,24,247.50000000000017,6,0.08447098976109223,stream
931,2018-05-02,276,2850.0,24,439.375,6,0.15416666666666667,stream
932,2018-05-03,276,2879.9999999999995,24,340.0000000000001,7,0.11805555555555562,stream
933,2018-05-04,276,2360.0000000000005,24,472.4999999999999,6,0.20021186440677957,stream
934,2018-05-05,276,2620.0,24,285.00000000000006,8,0.1087786259541985,stream
935,2018-05-08,276,2810.0000000000005,24,407.4999999999999,6,0.14501779359430597,stream
936,2018-05-11,276,2659.9999999999995,24,448.75,6,0.16870300751879702,stream
937,2018-05-12,276,3029.9999999999995,24,173.7500000000002,8,0.05734323432343241,stream
938,2018-05-15,276,2860.0000000000005,24,266.24999999999994,6,0.09309440559440557,stream
939,2018-05-16,276,2940.000000000001,24,168.74999999999986,7,0.05739795918367341,stream
940,2018-05-19,276,3160.0,24,282.50000000000006,10,0.08939873417721521,stream
941,2018-05-31,276,3170.0,24,427.5,6,0.13485804416403785,stream
942,2018-06-01,276,3030.0,24,432.50000000000006,6,0.14273927392739275,stream
943,2018-06-05,276,3430.0,24,266.875,7,0.0778061224489796,stream
944,2018-06-06,276,2940.0,24,315.00000000000006,6,0.10714285714285716,stream
945,2018-06-07,276,3130.0000000000005,24,317.49999999999994,6,0.10143769968051117,stream
946,2018-06-08,276,3199.999999999999,24,460.0000000000002,7,0.1437500000000001,stream
947,2018-06-09,276,3019.999999999999,24,418.75000000000034,8,0.13865894039735113,stream
948,2018-06-12,276,3140.0000000000005,24,381.2499999999999,6,0.12141719745222924,stream
949,2018-06-13,276,3370.0000000000005,24,407.4999999999999,6,0.12091988130563795,stream
950,2018-06-14,276,2809.9999999999995,24,387.50000000000006,6,0.13790035587188615,stream
951,2018-06-15,276,2779.999999999999,24,291.25000000000017,6,0.1047661870503598,stream
952,2018-06-16,276,3079.9999999999995,24,467.50000000000017,8,0.15178571428571436,stream
953,2018-06-19,276,2860.0,24,315.0,6,0.11013986013986014,stream
954,2018-06-20,276,2899.999999999999,24,215.00000000000026,6,0.07413793103448287,stream
955,2018-06-21,276,2680.0,24,225.0,7,0.08395522388059702,stream
956,2018-06-22,276,2550.0000000000005,24,471.8749999999999,7,0.18504901960784306,stream
957,2018-06-23,276,2819.9999999999995,24,286.25000000000017,8,0.10150709219858164,stream
958,2018-06-26,276,3060.0,24,365.0,6,0.11928104575163398,stream
959,2018-06-27,276,3029.9999999999995,24,391.8750000000001,6,0.1293316831683169,stream
960,2018-06-28,276,3220.0,24,367.5,7,0.1141304347826087,stream
961,2018-06-29,276,2959.9999999999995,24,340.0,7,0.11486486486486489,stream
962,2018-06-30,276,2909.9999999999995,24,438.75000000000017,8,0.15077319587628873,stream
963,2018-07-03,276,2599.9999999999995,24,420.00000000000006,6,0.16153846153846158,stream
964,2018-07-05,276,2710.000000000001,24,221.8749999999999,7,0.0818726937269372,stream
965,2018-07-06,276,2640.0,24,345.0,7,0.13068181818181818,stream
966,2018-07-07,276,2480.0,24,275.0,9,0.11088709677419353,stream
967,2018-07-10,276,3100.0000000000005,24,355.0,6,0.11451612903225807,stream
968,2018-07-11,276,2980.0,24,355.00000000000006,6,0.11912751677852353,stream
969,2018-07-12,276,2969.999999999999,24,557.5000000000002,6,0.18771043771043783,stream
970,2018-07-13,276,2700.0,24,403.74999999999994,6,0.14953703703703702,stream
971,2018-07-14,276,2629.9999999999995,24,256.87500000000006,10,0.097671102661597,stream
972,2018-07-17,276,3140.0,24,221.25,7,0.07046178343949044,stream
973,2018-07-18,276,2710.0,24,431.875,7,0.15936346863468637,stream
974,2018-07-19,276,2749.9999999999995,24,402.5000000000001,7,0.14636363636363642,stream
975,2018-07-20,276,2649.9999999999995,24,443.1250000000001,7,0.16721698113207556,stream
976,2018-07-21,276,2880.0,24,180.0,8,0.0625,stream
977,2018-07-24,276,2720.0,24,379.9999999999999,6,0.13970588235294112,stream
978,2018-07-25,276,2530.0,24,435.62500000000006,7,0.1721837944664032,stream
979,2018-07-26,276,2599.9999999999995,24,422.5,7,0.16250000000000003,stream
980,2018-07-27,276,2250.0000000000005,24,388.1249999999999,7,0.17249999999999993,stream
981,2018-07-28,276,2590.0000000000005,24,246.87499999999983,8,0.09531853281853274,stream
982,2018-07-31,276,2470.000000000001,24,502.4999999999999,6,0.2034412955465586,stream
983,2018-08-01,276,2550.000000000001,24,261.8749999999999,7,0.10269607843137246,stream
984,2018-08-02,276,2450.0,24,387.50000000000006,6,0.15816326530612246,stream
985,2018-08-03,276,2400.0,24,370.0,7,0.15416666666666667,stream
986,2018-08-04,276,2580.0,24,262.5,8,0.10174418604651163,stream
987,2018-08-07,276,2400.0,24,420.00000000000006,6,0.17500000000000002,stream
988,2018-08-08,276,2540.0000000000005,24,274.9999999999999,6,0.108267716535433,stream
989,2018-08-09,276,2059.9999999999995,24,403.75000000000006,7,0.195995145631068,stream
990,2018-08-10,276,2110.0000000000005,24,236.24999999999994,7,0.11196682464454973,stream
991,2018-08-11,276,2610.0000000000005,24,301.24999999999994,9,0.11542145593869728,stream
992,2018-08-14,276,2570.0,24,307.5,6,0.11964980544747081,stream
993,2018-08-15,276,2590.0000000000005,24,424.37499999999994,7,0.16385135135135132,stream
994,2018-08-16,276,2610.0,24,347.5,6,0.1331417624521073,stream
995,2018-08-17,276,2580.0,24,363.75000000000006,6,0.14098837209302328,stream
996,2018-08-18,276,2569.9999999999995,24,396.8750000000001,8,0.15442607003891057,stream
997,2018-08-21,276,2690.0,24,405.625,7,0.15078996282527882,stream
998,2018-08-22,276,2530.0,24,527.5,6,0.208498023715415,stream
999,2018-08-23,276,2690.0000000000005,24,337.4999999999999,6,0.12546468401486982,stream
1000,2018-08-24,276,2760.0,24,390.00000000000006,6,0.14130434782608697,stream
1001,2018-08-25,276,2890.0000000000005,24,516.2499999999999,8,0.17863321799307952,stream
1002,2018-08-28,276,2750.0,24,312.4999999999999,6,0.11363636363636359,stream
1003,2018-08-29,276,2830.0,24,329.37500000000006,7,0.11638692579505303,stream
1004,2018-08-30,276,2819.9999999999995,24,371.25000000000017,7,0.13164893617021284,stream
1005,2018-08-31,276,2669.9999999999995,24,372.5000000000001,6,0.13951310861423227,stream
1006,2018-09-01,276,2299.9999999999995,24,311.25000000000006,8,0.1353260869565218,stream
1007,2018-09-04,276,2880.000000000001,24,269.99999999999983,6,0.09374999999999992,stream
1008,2018-09-05,276,2760.0,24,210.0,6,0.07608695652173914,stream
1009,2018-09-06,276,2650.0000000000005,24,477.49999999999983,6,0.18018867924528292,stream
1010,2018-09-07,276,2240.0,24,450.0,6,0.20089285714285712,stream
1011,2018-09-08,276,2839.9999999999995,24,315.00000000000017,9,0.11091549295774655,stream
1012,2018-09-12,276,2950.0,24,342.50000000000006,6,0.11610169491525425,stream
1013,2018-09-13,276,2789.9999999999995,24,288.1250000000001,6,0.10327060931899648,stream
1014,2018-09-14,276,2699.9999999999995,24,425.00000000000017,6,0.1574074074074075,stream
1015,2018-09-15,276,3039.9999999999995,24,140.0000000000002,8,0.04605263157894744,stream
1016,2018-09-18,276,3050.0000000000005,24,418.12499999999994,6,0.1370901639344262,stream
1017,2018-09-19,276,3269.9999999999995,24,392.5000000000001,6,0.1200305810397554,stream
1018,2018-09-20,276,3270.0,24,462.50000000000006,7,0.14143730886850153,stream
1019,2018-09-21,276,2689.9999999999995,24,427.50000000000006,7,0.1589219330855019,stream
1020,2018-09-22,276,3169.9999999999995,24,263.1250000000001,9,0.08300473186119879,stream
1021,2018-09-25,276,3119.9999999999995,24,240.0000000000001,6,0.07692307692307697,stream
1022,2018-09-26,276,2990.0,24,492.50000000000006,6,0.16471571906354515,stream
1023,2018-09-27,276,2830.0000000000005,24,472.49999999999994,6,0.16696113074204944,stream
1024,2018-09-28,276,2959.9999999999995,24,415.0,7,0.14020270270270271,stream
1025,2018-09-29,276,3129.9999999999995,24,441.8750000000001,9,0.14117412140575086,stream
1026,2018-10-02,276,3040.0,24,350.00000000000006,6,0.11513157894736843,stream
1027,2018-10-03,276,3239.999999999999,24,460.0000000000002,6,0.1419753086419754,stream
1028,2018-10-04,276,3120.0,24,380.0,6,0.12179487179487179,stream
1029,2018-10-05,276,2779.9999999999995,24,401.2500000000001,6,0.14433453237410077,stream
1030,2018-10-06,276,3089.9999999999995,24,431.2500000000001,9,0.13956310679611655,stream
1031,2018-10-09,276,3160.0,24,340.0,6,0.10759493670886076,stream
1032,2018-10-10,276,2890.0000000000005,24,337.49999999999994,6,0.1167820069204152,stream
1033,2018-10-11,276,3090.0,24,287.5,6,0.09304207119741101,stream
1034,2018-10-12,276,2700.0,24,396.24999999999994,6,0.14675925925925926,stream
1035,2018-10-13,276,2870.0000000000005,24,213.74999999999977,9,0.07447735191637622,stream
1036,2018-10-16,276,2569.9999999999995,24,377.5,6,0.14688715953307396,stream
1037,2018-10-17,276,3170.0000000000005,24,423.75,19,0.1336750788643533,stream
1038,2018-10-18,276,2640.0,24,380.00000000000006,6,0.14393939393939395,stream
1039,2018-10-19,276,2810.0,24,263.125,7,0.09363879003558719,stream
1040,2018-10-20,276,2680.0,24,392.5,10,0.14645522388059704,stream
1041,2018-10-23,276,2800.0,24,290.0000000000001,6,0.10357142857142863,stream
1042,2018-10-24,276,2850.0,24,347.50000000000006,6,0.12192982456140353,stream
1043,2018-10-25,276,2960.0000000000005,24,289.99999999999994,7,0.09797297297297293,stream
1044,2018-10-26,276,2620.0000000000005,24,214.9999999999999,6,0.08206106870229002,stream
1045,2018-10-27,276,3100.0,24,185.00000000000009,9,0.059677419354838744,stream
1046,2018-10-30,276,3109.9999999999995,24,282.5000000000001,6,0.09083601286173637,stream
1047,2018-10-31,276,2960.0,24,370.0,6,0.125,stream
1048,2018-11-01,276,3070.0000000000005,24,244.37499999999997,7,0.07960097719869705,stream
1049,2018-11-02,276,2770.0,24,357.5,6,0.12906137184115524,stream
